unix_ms	ticks	clk_tck
1791409482456	4	100
1791409482706	4	100
1791409482956	4	100
1791409483207	13	100
1791409483457	19	100
1791409483707	39	100
1791409483958	77	100
1791409484208	127	100
1791409484458	177	100
1791409484709	228	100
1791409484959	272	100
1791409485209	309	100
1791409485459	349	100
1791409485710	399	100
1791409485960	449	100
1791409486211	499	100
1791409486461	542	100
1791409486711	576	100
1791409486962	576	100
1791409487212	576	100
1791409487462	576	100
1791409487713	576	100
1791409487963	576	100
1791409488213	576	100
1791409488464	576	100
1791409488714	576	100
1791409488965	576	100
1791409489215	576	100
1791409489465	576	100
1791409489715	576	100
1791409489966	576	100
1791409490216	576	100
1791409490466	576	100
1791409490717	576	100
1791409490967	576	100
1791409491217	576	100
1791409491468	576	100
1791409491718	576	100
1791409491968	581	100
1791409492219	591	100
1791409492469	606	100
1791409492719	629	100
1791409492969	654	100
1791409493220	679	100
1791409493470	683	100
1791409493720	683	100
1791409493971	683	100
1791409494222	683	100
1791409494472	683	100
1791409494722	683	100
1791409494973	683	100
1791409495224	683	100
1791409495474	683	100
1791409495724	683	100
1791409495975	683	100
1791409496225	683	100
1791409496475	683	100
1791409496726	683	100
1791409496976	683	100
1791409497226	683	100
1791409497477	683	100
1791409497727	683	100
1791409497977	683	100
1791409498228	683	100
1791409498478	683	100
1791409498728	696	100
1791409498979	705	100
1791409499230	728	100
1791409499481	753	100
1791409499732	779	100
1791409499983	784	100
1791409500233	784	100
1791409500483	784	100
1791409500734	784	100
1791409500984	784	100
1791409501235	784	100
1791409501486	784	100
1791409501736	784	100
1791409501986	784	100
1791409502237	784	100
1791409502487	784	100
1791409502738	784	100
1791409502988	784	100
1791409503239	784	100
1791409503489	784	100
1791409503740	784	100
1791409503991	784	100
1791409504241	784	100
1791409504492	784	100
1791409504742	784	100
1791409504992	784	100
1791409505243	784	100
1791409505493	784	100
1791409505744	784	100
1791409505994	784	100
1791409506244	784	100
1791409506495	785	100
1791409506745	799	100
1791409506995	806	100
1791409507246	826	100
1791409507496	852	100
1791409507746	876	100
1791409507997	902	100
1791409508247	907	100
1791409508498	907	100
1791409508748	907	100
1791409508998	907	100
1791409509249	907	100
1791409509500	907	100
1791409509750	907	100
1791409510000	907	100
1791409510251	907	100
1791409510501	907	100
1791409510751	907	100
1791409511002	907	100
1791409511252	907	100
1791409511502	907	100
1791409511753	907	100
1791409512003	907	100
1791409512254	907	100
1791409512504	907	100
1791409512754	907	100
1791409513005	907	100
1791409513255	907	100
1791409513506	907	100
1791409513756	917	100
1791409514007	920	100
1791409514257	933	100
1791409514507	954	100
1791409514758	978	100
1791409515008	1002	100
1791409515258	1021	100
1791409515508	1021	100
1791409515759	1021	100
1791409516009	1021	100
1791409516259	1021	100
1791409516510	1021	100
1791409516760	1021	100
1791409517010	1021	100
1791409517261	1021	100
1791409517511	1021	100
1791409517761	1021	100
1791409518012	1021	100
1791409518262	1021	100
1791409518512	1021	100
1791409518763	1021	100
1791409519013	1021	100
1791409519263	1021	100
1791409519514	1021	100
1791409519764	1021	100
1791409520014	1021	100
1791409520265	1021	100
1791409520515	1021	100
1791409520765	1021	100
1791409521016	1033	100
1791409521266	1044	100
1791409521516	1067	100
1791409521767	1091	100
1791409522017	1115	100
1791409522268	1126	100
1791409522518	1126	100
1791409522769	1126	100
1791409523019	1126	100
1791409523269	1126	100
1791409523520	1126	100
1791409523770	1126	100
1791409524020	1126	100
1791409524270	1126	100
1791409524521	1126	100
1791409524771	1126	100
1791409525021	1126	100
1791409525272	1126	100
1791409525522	1126	100
1791409525772	1126	100
1791409526023	1126	100
1791409526273	1126	100
1791409526524	1126	100
1791409526775	1126	100
1791409527025	1126	100
1791409527275	1126	100
1791409527526	1138	100
1791409527776	1148	100
1791409528026	1171	100
1791409528277	1195	100
1791409528527	1219	100
1791409528777	1235	100
1791409529028	1235	100
1791409529278	1235	100
1791409529528	1235	100
1791409529779	1235	100
1791409530029	1235	100
1791409530280	1235	100
1791409530530	1235	100
1791409530780	1235	100
1791409531031	1235	100
1791409531281	1235	100
1791409531531	1235	100
1791409531781	1235	100
1791409532032	1235	100
1791409532282	1235	100
1791409532532	1235	100
1791409532783	1235	100
1791409533033	1235	100
1791409533283	1235	100
1791409533534	1235	100
1791409533784	1238	100
1791409534035	1248	100
1791409534285	1262	100
1791409534535	1285	100
1791409534786	1309	100
1791409535036	1334	100
1791409535286	1338	100
1791409535536	1338	100
1791409535787	1338	100
1791409536037	1338	100
1791409536287	1338	100
1791409536538	1338	100
1791409536788	1338	100
1791409537038	1338	100
1791409537289	1338	100
1791409537539	1338	100
1791409537790	1338	100
1791409538040	1338	100
1791409538290	1338	100
1791409538540	1338	100
1791409538791	1338	100
1791409539041	1338	100
1791409539292	1338	100
1791409539542	1338	100
1791409539792	1338	100
1791409540043	1338	100
1791409540296	1344	100
1791409540546	1353	100
1791409540796	1367	100
1791409541047	1390	100
1791409541297	1415	100
1791409541547	1440	100
1791409541798	1444	100
1791409542048	1444	100
1791409542298	1444	100
1791409542549	1444	100
1791409542799	1444	100
1791409543049	1444	100
1791409543300	1444	100
1791409543550	1444	100
1791409543800	1444	100
1791409544051	1444	100
1791409544301	1444	100
1791409544551	1444	100
1791409544802	1444	100
1791409545052	1444	100
1791409545302	1444	100
1791409545553	1444	100
1791409545803	1444	100
1791409546054	1444	100
1791409546304	1444	100
1791409546554	1444	100
1791409546804	1444	100
1791409547055	1456	100
1791409547306	1463	100
1791409547557	1484	100
1791409547807	1509	100
1791409548057	1533	100
1791409548308	1549	100
1791409548558	1549	100
1791409548808	1549	100
1791409549059	1549	100
1791409549309	1549	100
1791409549559	1549	100
1791409549810	1549	100
1791409550060	1549	100
1791409550312	1549	100
1791409550562	1549	100
1791409550813	1549	100
1791409551063	1549	100
1791409551313	1549	100
1791409551563	1549	100
1791409551814	1549	100
1791409552064	1549	100
1791409552314	1549	100
1791409552565	1549	100
1791409552815	1549	100
1791409553065	1549	100
1791409553316	1549	100
1791409553568	1554	100
1791409553818	1563	100
1791409554069	1578	100
1791409554319	1601	100
1791409554570	1627	100
1791409554820	1652	100
1791409555071	1653	100
1791409555321	1653	100
1791409555571	1653	100
1791409555821	1653	100
1791409556072	1653	100
1791409556322	1653	100
1791409556573	1653	100
1791409556823	1653	100
1791409557073	1653	100
1791409557324	1653	100
1791409557574	1653	100
1791409557825	1653	100
1791409558075	1653	100
1791409558325	1653	100
1791409558577	1653	100
1791409558827	1653	100
1791409559077	1653	100
1791409559328	1653	100
1791409559578	1653	100
1791409559828	1653	100
1791409560079	1653	100
1791409560329	1665	100
1791409560579	1671	100
1791409560829	1691	100
1791409561080	1717	100
1791409561330	1741	100
1791409561585	1767	100
1791409561837	1781	100
1791409562087	1781	100
1791409562338	1781	100
1791409562588	1781	100
1791409562838	1781	100
1791409563089	1781	100
1791409563339	1781	100
1791409563589	1781	100
1791409563840	1781	100
1791409564090	1781	100
1791409564342	1781	100
1791409564592	1781	100
1791409564842	1781	100
1791409565093	1781	100
1791409565343	1781	100
1791409565593	1781	100
1791409565844	1781	100
1791409566097	1781	100
1791409566347	1781	100
1791409566597	1781	100
1791409566848	1781	100
1791409567098	1781	100
1791409567348	1781	100
1791409567599	1781	100
1791409567849	1781	100
1791409568099	1791	100
1791409568350	1796	100
1791409568600	1813	100
1791409568850	1837	100
1791409569101	1861	100
1791409569351	1887	100
1791409569602	1905	100
1791409569852	1905	100
1791409570103	1905	100
1791409570353	1905	100
1791409570603	1905	100
1791409570854	1905	100
1791409571104	1905	100
1791409571354	1905	100
1791409571605	1905	100
1791409571855	1905	100
1791409572106	1905	100
1791409572356	1905	100
1791409572606	1905	100
1791409572857	1905	100
1791409573107	1905	100
1791409573357	1905	100
1791409573608	1905	100
1791409573859	1905	100
1791409574109	1905	100
1791409574359	1905	100
1791409574609	1905	100
1791409574860	1905	100
1791409575110	1905	100
1791409575361	1916	100
1791409575611	1922	100
1791409575862	1941	100
1791409576112	1966	100
1791409576362	1991	100
1791409576613	2012	100
1791409576863	2012	100
1791409577113	2012	100
1791409577364	2012	100
1791409577614	2012	100
1791409577865	2012	100
1791409578115	2012	100
1791409578365	2012	100
1791409578616	2012	100
1791409578866	2012	100
1791409579116	2012	100
1791409579367	2012	100
1791409579617	2012	100
1791409579867	2012	100
1791409580118	2012	100
1791409580368	2012	100
1791409580618	2012	100
1791409580869	2012	100
1791409581119	2012	100
1791409581369	2012	100
1791409581620	2012	100
1791409581870	2012	100
1791409582122	2028	100
1791409582372	2034	100
1791409582622	2054	100
1791409582873	2079	100
1791409583123	2104	100
1791409583373	2124	100
1791409583624	2124	100
1791409583874	2124	100
1791409584125	2124	100
1791409584375	2124	100
1791409584625	2124	100
1791409584876	2124	100
1791409585126	2124	100
1791409585376	2124	100
1791409585627	2124	100
1791409585877	2124	100
1791409586128	2124	100
1791409586378	2124	100
1791409586628	2124	100
1791409586879	2124	100
1791409587129	2124	100
1791409587379	2124	100
1791409587630	2124	100
1791409587880	2124	100
1791409588130	2124	100
1791409588381	2124	100
1791409588631	2124	100
1791409588881	2136	100
1791409589132	2144	100
1791409589383	2166	100
1791409589633	2192	100
1791409589884	2216	100
1791409590134	2233	100
1791409590384	2233	100
1791409590635	2233	100
1791409590885	2233	100
1791409591135	2233	100
1791409591386	2233	100
1791409591636	2233	100
1791409591887	2233	100
1791409592137	2233	100
1791409592387	2233	100
1791409592637	2233	100
1791409592888	2233	100
1791409593138	2233	100
1791409593388	2233	100
1791409593639	2233	100
1791409593889	2233	100
1791409594139	2233	100
1791409594390	2233	100
1791409594640	2233	100
1791409594891	2233	100
1791409595141	2235	100
1791409595391	2247	100
1791409595642	2258	100
1791409595892	2280	100
1791409596143	2304	100
1791409596393	2328	100
1791409596643	2337	100
1791409596893	2337	100
1791409597144	2337	100
1791409597394	2337	100
1791409597644	2337	100
1791409597895	2337	100
1791409598145	2337	100
1791409598395	2337	100
1791409598646	2337	100
1791409598896	2337	100
1791409599146	2337	100
1791409599396	2337	100
1791409599647	2337	100
1791409599897	2337	100
1791409600147	2337	100
1791409600398	2337	100
1791409600648	2337	100
1791409600899	2337	100
1791409601149	2337	100
1791409601399	2337	100
1791409601650	2337	100
1791409601900	2353	100
1791409602151	2363	100
1791409602401	2385	100
1791409602651	2410	100
1791409602902	2434	100
1791409603152	2452	100
1791409603402	2452	100
1791409603653	2452	100
1791409603903	2452	100
1791409604154	2452	100
1791409604404	2452	100
1791409604654	2452	100
1791409604904	2452	100
1791409605155	2452	100
1791409605405	2452	100
1791409605655	2452	100
1791409605906	2452	100
1791409606156	2452	100
1791409606407	2452	100
1791409606657	2452	100
1791409606907	2452	100
1791409607158	2452	100
1791409607408	2452	100
1791409607658	2452	100
1791409607908	2452	100
1791409608159	2452	100
1791409608409	2462	100
1791409608659	2468	100
1791409608910	2486	100
1791409609160	2511	100
1791409609410	2536	100
1791409609661	2555	100
1791409609911	2555	100
1791409610161	2555	100
1791409610412	2555	100
1791409610662	2555	100
1791409610912	2555	100
1791409611162	2555	100
1791409611413	2555	100
1791409611663	2555	100
1791409611913	2555	100
1791409612164	2555	100
1791409612414	2555	100
1791409612664	2555	100
1791409612915	2555	100
1791409613165	2555	100
1791409613416	2555	100
1791409613666	2555	100
1791409613916	2555	100
1791409614167	2555	100
1791409614417	2555	100
1791409614667	2555	100
1791409614918	2566	100
1791409615168	2572	100
1791409615420	2591	100
1791409615670	2616	100
1791409615921	2641	100
1791409616171	2663	100
1791409616422	2663	100
1791409616673	2663	100
1791409616923	2663	100
1791409617173	2663	100
1791409617424	2663	100
1791409617675	2663	100
1791409617925	2663	100
1791409618176	2663	100
1791409618426	2663	100
1791409618676	2663	100
1791409618927	2663	100
1791409619177	2663	100
1791409619427	2663	100
1791409619677	2663	100
1791409619928	2663	100
1791409620178	2663	100
1791409620428	2663	100
1791409620679	2663	100
1791409620929	2663	100
1791409621179	2663	100
1791409621430	2663	100
1791409621680	2663	100
1791409621930	2674	100
1791409622181	2683	100
1791409622431	2692	100
1791409622682	2712	100
1791409622932	2737	100
1791409623182	2763	100
1791409623433	2786	100
1791409623683	2794	100
1791409623934	2794	100
1791409624184	2794	100
1791409624434	2794	100
1791409624685	2794	100
1791409624935	2794	100
1791409625186	2794	100
1791409625436	2794	100
1791409625686	2794	100
1791409625937	2794	100
1791409626187	2794	100
1791409626437	2794	100
1791409626688	2794	100
1791409626938	2794	100
1791409627188	2794	100
1791409627439	2794	100
1791409627689	2794	100
1791409627939	2794	100
1791409628190	2794	100
1791409628440	2794	100
1791409628690	2794	100
1791409628940	2794	100
1791409629191	2794	100
1791409629441	2804	100
1791409629691	2809	100
1791409629942	2828	100
1791409630192	2854	100
1791409630442	2879	100
1791409630693	2896	100
1791409630944	2896	100
1791409631194	2896	100
1791409631445	2896	100
1791409631695	2896	100
1791409631945	2896	100
1791409632195	2896	100
1791409632446	2896	100
1791409632696	2896	100
1791409632946	2896	100
1791409633197	2896	100
1791409633447	2896	100
1791409633697	2896	100
1791409633947	2896	100
1791409634198	2896	100
1791409634448	2896	100
1791409634698	2896	100
1791409634949	2896	100
1791409635199	2896	100
1791409635449	2896	100
1791409635700	2896	100
1791409635950	2899	100
1791409636200	2909	100
1791409636450	2923	100
1791409636701	2946	100
1791409636951	2971	100
1791409637201	2996	100
1791409637452	3004	100
1791409637702	3004	100
1791409637952	3004	100
1791409638203	3004	100
1791409638453	3004	100
1791409638703	3004	100
1791409638954	3004	100
1791409639204	3004	100
1791409639454	3004	100
1791409639705	3004	100
1791409639955	3004	100
1791409640205	3004	100
1791409640455	3004	100
1791409640706	3004	100
1791409640956	3004	100
1791409641206	3004	100
1791409641457	3004	100
1791409641707	3004	100
1791409641957	3004	100
1791409642208	3004	100
1791409642458	3014	100
1791409642708	3020	100
1791409642959	3041	100
1791409643209	3066	100
1791409643459	3091	100
1791409643710	3110	100
1791409643960	3110	100
1791409644210	3110	100
1791409644460	3110	100
1791409644711	3110	100
1791409644961	3110	100
1791409645211	3110	100
1791409645462	3110	100
1791409645712	3110	100
1791409645962	3110	100
1791409646213	3110	100
1791409646463	3110	100
1791409646713	3110	100
1791409646964	3110	100
1791409647214	3110	100
1791409647464	3110	100
1791409647714	3110	100
1791409647965	3110	100
1791409648215	3110	100
1791409648465	3110	100
1791409648716	3110	100
1791409648966	3121	100
1791409649216	3126	100
1791409649467	3145	100
1791409649717	3167	100
1791409649968	3193	100
1791409650218	3218	100
