fleet_diff	3
fleet_diff	3
fleet_preflight	10
fleet_diff	3
fleet_preflight	10
fleet_prepare	5
fleet_verify_prepared	154
fleet_diff	5
fleet_preflight	10
fleet_prepare	6
fleet_verify_prepared	160
fleet_diff	6
fleet_preflight	10
fleet_prepare	5
fleet_verify_prepared	161
worker:transparent-pir-archive-01	866
worker:transparent-pir-archive-02	1187
worker:transparent-pir-recent-02	124
worker:transparent-pir-recent-01	196
fleet_diff	6
fleet_preflight	10
fleet_prepare	5
fleet_verify_prepared	156
worker:transparent-pir-archive-01	243
worker:transparent-pir-archive-02	255
worker:transparent-pir-recent-01	23
worker:transparent-pir-recent-02	23
worker:transparent-pir-recent-04	104
worker:transparent-pir-recent-03	124
fleet_activate_workers	437
fleet_activate_router	4
fleet_verify_internal	0
fleet_verify_public	0
fleet_verify_workers	0
fleet_prune	0
