timestamp, memory.used [MiB], utilization.gpu [%], power.draw [W]
2026/09/24 14:53:12.006, 3 MiB, 0 %, 5.84 W
2026/09/24 14:53:12.108, 3 MiB, 0 %, 5.74 W
2026/09/24 14:53:12.211, 3 MiB, 0 %, 5.74 W
2026/09/24 14:53:12.313, 3 MiB, 0 %, 5.74 W
2026/09/24 14:53:12.415, 3 MiB, 0 %, 5.74 W
2026/09/24 14:53:12.518, 3 MiB, 0 %, 5.74 W
2026/09/24 14:53:12.620, 3 MiB, 0 %, 5.54 W
2026/09/24 14:53:12.722, 3 MiB, 0 %, 5.74 W
2026/09/24 14:53:12.825, 3 MiB, 0 %, 5.74 W
2026/09/24 14:53:12.927, 3 MiB, 0 %, 5.74 W
2026/09/24 14:53:13.030, 3 MiB, 0 %, 5.74 W
2026/09/24 14:53:13.132, 3 MiB, 0 %, 5.74 W
2026/09/24 14:53:13.234, 3 MiB, 0 %, 5.74 W
2026/09/24 14:53:13.337, 3 MiB, 0 %, 5.64 W
2026/09/24 14:53:13.439, 3 MiB, 0 %, 5.64 W
2026/09/24 14:53:13.541, 3 MiB, 0 %, 5.64 W
2026/09/24 14:53:13.644, 3 MiB, 0 %, 5.64 W
2026/09/24 14:53:13.746, 3 MiB, 0 %, 7.49 W
2026/09/24 14:53:13.848, 3 MiB, 0 %, 5.74 W
2026/09/24 14:53:13.951, 3 MiB, 0 %, 5.64 W
2026/09/24 14:53:14.053, 3 MiB, 0 %, 5.74 W
2026/09/24 14:53:14.156, 3 MiB, 0 %, 5.64 W
2026/09/24 14:53:14.258, 3 MiB, 0 %, 5.55 W
2026/09/24 14:53:14.361, 3 MiB, 0 %, 5.54 W
2026/09/24 14:53:14.463, 3 MiB, 0 %, 5.74 W
2026/09/24 14:53:14.565, 3 MiB, 0 %, 5.74 W
2026/09/24 14:53:14.668, 3 MiB, 0 %, 5.64 W
2026/09/24 14:53:14.770, 3 MiB, 0 %, 5.93 W
2026/09/24 14:53:14.873, 3 MiB, 0 %, 5.54 W
2026/09/24 14:53:14.975, 3 MiB, 0 %, 5.55 W
2026/09/24 14:53:15.077, 3 MiB, 0 %, 5.74 W
2026/09/24 14:53:15.180, 3 MiB, 0 %, 5.64 W
2026/09/24 14:53:15.282, 3 MiB, 0 %, 5.64 W
2026/09/24 14:53:15.385, 3 MiB, 0 %, 5.64 W
2026/09/24 14:53:15.487, 3 MiB, 0 %, 5.54 W
2026/09/24 14:53:15.590, 3 MiB, 0 %, 5.74 W
2026/09/24 14:53:15.692, 3 MiB, 0 %, 5.84 W
2026/09/24 14:53:15.794, 3 MiB, 0 %, 5.74 W
2026/09/24 14:53:15.897, 3 MiB, 0 %, 5.84 W
2026/09/24 14:53:15.999, 3 MiB, 0 %, 5.54 W
2026/09/24 14:53:16.102, 3 MiB, 0 %, 5.64 W
2026/09/24 14:53:16.205, 3 MiB, 0 %, 5.64 W
2026/09/24 14:53:16.307, 3 MiB, 0 %, 5.93 W
2026/09/24 14:53:16.410, 3 MiB, 0 %, 5.74 W
2026/09/24 14:53:16.512, 3 MiB, 0 %, 5.74 W
2026/09/24 14:53:16.614, 3 MiB, 0 %, 5.64 W
2026/09/24 14:53:16.717, 3 MiB, 0 %, 5.93 W
2026/09/24 14:53:16.819, 3 MiB, 0 %, 5.64 W
2026/09/24 14:53:16.921, 3 MiB, 0 %, 5.64 W
2026/09/24 14:53:17.024, 3 MiB, 0 %, 5.55 W
2026/09/24 14:53:17.126, 3 MiB, 0 %, 5.64 W
2026/09/24 14:53:17.228, 3 MiB, 0 %, 5.64 W
2026/09/24 14:53:17.331, 3 MiB, 0 %, 5.74 W
2026/09/24 14:53:17.433, 3 MiB, 0 %, 5.64 W
2026/09/24 14:53:17.535, 3 MiB, 0 %, 5.74 W
2026/09/24 14:53:17.638, 3 MiB, 0 %, 5.64 W
2026/09/24 14:53:17.740, 3 MiB, 0 %, 8.27 W
2026/09/24 14:53:17.851, 3 MiB, 0 %, 5.64 W
2026/09/24 14:53:17.953, 3 MiB, 0 %, 5.64 W
2026/09/24 14:53:18.055, 3 MiB, 0 %, 5.64 W
2026/09/24 14:53:18.157, 3 MiB, 0 %, 5.64 W
2026/09/24 14:53:18.260, 3 MiB, 0 %, 5.54 W
2026/09/24 14:53:18.362, 3 MiB, 0 %, 5.54 W
2026/09/24 14:53:18.465, 3 MiB, 0 %, 5.64 W
2026/09/24 14:53:18.567, 3 MiB, 0 %, 5.74 W
2026/09/24 14:53:18.670, 3 MiB, 0 %, 5.64 W
2026/09/24 14:53:18.772, 3 MiB, 0 %, 6.13 W
2026/09/24 14:53:18.875, 3 MiB, 0 %, 5.54 W
2026/09/24 14:53:18.977, 3 MiB, 0 %, 5.64 W
2026/09/24 14:53:19.080, 3 MiB, 0 %, 5.54 W
2026/09/24 14:53:19.182, 3 MiB, 0 %, 5.74 W
2026/09/24 14:53:19.285, 3 MiB, 0 %, 5.54 W
2026/09/24 14:53:19.387, 3 MiB, 0 %, 5.64 W
2026/09/24 14:53:19.490, 3 MiB, 0 %, 5.64 W
2026/09/24 14:53:19.592, 3 MiB, 0 %, 5.64 W
2026/09/24 14:53:19.694, 3 MiB, 0 %, 5.64 W
2026/09/24 14:53:19.797, 3 MiB, 0 %, 5.74 W
2026/09/24 14:53:19.899, 3 MiB, 0 %, 5.84 W
2026/09/24 14:53:20.002, 3 MiB, 0 %, 5.64 W
2026/09/24 14:53:20.104, 3 MiB, 0 %, 5.74 W
2026/09/24 14:53:20.207, 3 MiB, 0 %, 5.64 W
2026/09/24 14:53:20.309, 3 MiB, 0 %, 5.64 W
2026/09/24 14:53:20.411, 3 MiB, 0 %, 5.64 W
2026/09/24 14:53:20.514, 3 MiB, 0 %, 5.74 W
2026/09/24 14:53:20.616, 3 MiB, 0 %, 5.64 W
2026/09/24 14:53:20.719, 3 MiB, 0 %, 5.64 W
2026/09/24 14:53:20.821, 3 MiB, 0 %, 5.74 W
2026/09/24 14:53:20.924, 3 MiB, 0 %, 5.93 W
2026/09/24 14:53:21.026, 3 MiB, 0 %, 5.64 W
2026/09/24 14:53:21.128, 3 MiB, 0 %, 5.74 W
2026/09/24 14:53:21.231, 3 MiB, 0 %, 5.64 W
2026/09/24 14:53:21.333, 3 MiB, 0 %, 5.64 W
2026/09/24 14:53:21.435, 3 MiB, 0 %, 5.54 W
2026/09/24 14:53:21.538, 3 MiB, 0 %, 5.64 W
2026/09/24 14:53:21.640, 3 MiB, 0 %, 5.55 W
2026/09/24 14:53:21.743, 3 MiB, 0 %, 8.27 W
2026/09/24 14:53:21.857, 3 MiB, 0 %, 5.64 W
2026/09/24 14:53:21.960, 3 MiB, 0 %, 5.64 W
2026/09/24 14:53:22.062, 3 MiB, 0 %, 5.54 W
2026/09/24 14:53:22.165, 3 MiB, 0 %, 5.64 W
2026/09/24 14:53:22.267, 3 MiB, 0 %, 5.64 W
2026/09/24 14:53:22.370, 3 MiB, 0 %, 5.54 W
2026/09/24 14:53:22.472, 3 MiB, 0 %, 5.74 W
2026/09/24 14:53:22.575, 3 MiB, 0 %, 5.64 W
2026/09/24 14:53:22.677, 3 MiB, 0 %, 5.64 W
2026/09/24 14:53:22.780, 3 MiB, 0 %, 6.03 W
2026/09/24 14:53:22.882, 3 MiB, 0 %, 5.64 W
2026/09/24 14:53:22.985, 3 MiB, 0 %, 5.54 W
2026/09/24 14:53:23.087, 3 MiB, 0 %, 5.74 W
2026/09/24 14:53:23.189, 3 MiB, 0 %, 5.64 W
2026/09/24 14:53:23.292, 3 MiB, 0 %, 5.64 W
2026/09/24 14:53:23.394, 3 MiB, 0 %, 5.64 W
2026/09/24 14:53:23.496, 3 MiB, 0 %, 5.64 W
2026/09/24 14:53:23.599, 3 MiB, 0 %, 5.64 W
2026/09/24 14:53:23.701, 3 MiB, 0 %, 5.64 W
2026/09/24 14:53:23.803, 3 MiB, 0 %, 5.64 W
2026/09/24 14:53:23.906, 3 MiB, 0 %, 5.54 W
2026/09/24 14:53:24.008, 3 MiB, 0 %, 5.54 W
2026/09/24 14:53:24.110, 3 MiB, 0 %, 5.64 W
2026/09/24 14:53:24.213, 3 MiB, 0 %, 5.64 W
2026/09/24 14:53:24.315, 3 MiB, 0 %, 5.74 W
2026/09/24 14:53:24.418, 3 MiB, 0 %, 5.64 W
2026/09/24 14:53:24.520, 3 MiB, 0 %, 5.64 W
2026/09/24 14:53:24.622, 3 MiB, 0 %, 5.55 W
2026/09/24 14:53:24.725, 3 MiB, 0 %, 5.84 W
2026/09/24 14:53:24.827, 3 MiB, 0 %, 5.74 W
2026/09/24 14:53:24.930, 3 MiB, 0 %, 5.94 W
2026/09/24 14:53:25.032, 3 MiB, 0 %, 5.64 W
2026/09/24 14:53:25.149, 3 MiB, 0 %, 5.64 W
2026/09/24 14:53:25.252, 3 MiB, 0 %, 5.54 W
2026/09/24 14:53:25.354, 3 MiB, 0 %, 5.74 W
2026/09/24 14:53:25.457, 3 MiB, 0 %, 5.64 W
2026/09/24 14:53:25.559, 3 MiB, 0 %, 5.64 W
2026/09/24 14:53:25.661, 3 MiB, 0 %, 5.54 W
2026/09/24 14:53:25.764, 3 MiB, 0 %, 7.98 W
2026/09/24 14:53:25.866, 3 MiB, 0 %, 5.64 W
2026/09/24 14:53:25.969, 3 MiB, 0 %, 5.64 W
2026/09/24 14:53:26.071, 3 MiB, 0 %, 5.54 W
2026/09/24 14:53:26.174, 3 MiB, 0 %, 5.55 W
2026/09/24 14:53:26.276, 3 MiB, 0 %, 5.54 W
2026/09/24 14:53:26.379, 3 MiB, 0 %, 5.74 W
2026/09/24 14:53:26.481, 3 MiB, 0 %, 5.64 W
2026/09/24 14:53:26.583, 3 MiB, 0 %, 5.64 W
2026/09/24 14:53:26.686, 3 MiB, 0 %, 5.64 W
2026/09/24 14:53:26.788, 3 MiB, 0 %, 6.03 W
2026/09/24 14:53:26.890, 3 MiB, 0 %, 5.55 W
2026/09/24 14:53:26.993, 3 MiB, 0 %, 5.54 W
2026/09/24 14:53:27.095, 3 MiB, 0 %, 5.64 W
2026/09/24 14:53:27.197, 3 MiB, 0 %, 5.64 W
2026/09/24 14:53:27.299, 3 MiB, 0 %, 5.64 W
2026/09/24 14:53:27.402, 3 MiB, 0 %, 5.54 W
2026/09/24 14:53:27.504, 3 MiB, 0 %, 5.54 W
2026/09/24 14:53:27.607, 3 MiB, 0 %, 5.64 W
2026/09/24 14:53:27.709, 3 MiB, 0 %, 5.74 W
2026/09/24 14:53:27.812, 3 MiB, 0 %, 5.64 W
2026/09/24 14:53:27.914, 3 MiB, 0 %, 5.74 W
2026/09/24 14:53:28.017, 3 MiB, 0 %, 5.64 W
2026/09/24 14:53:28.119, 3 MiB, 0 %, 5.64 W
2026/09/24 14:53:28.222, 3 MiB, 0 %, 5.54 W
2026/09/24 14:53:28.324, 3 MiB, 0 %, 5.64 W
2026/09/24 14:53:28.426, 3 MiB, 0 %, 5.55 W
2026/09/24 14:53:28.529, 3 MiB, 0 %, 5.64 W
2026/09/24 14:53:28.631, 3 MiB, 0 %, 5.54 W
2026/09/24 14:53:28.733, 3 MiB, 0 %, 5.74 W
2026/09/24 14:53:28.836, 3 MiB, 0 %, 5.54 W
2026/09/24 14:53:28.938, 3 MiB, 0 %, 5.74 W
2026/09/24 14:53:29.040, 3 MiB, 0 %, 5.64 W
2026/09/24 14:53:29.143, 3 MiB, 0 %, 5.74 W
2026/09/24 14:53:29.245, 3 MiB, 0 %, 5.45 W
2026/09/24 14:53:29.348, 3 MiB, 0 %, 5.74 W
2026/09/24 14:53:29.450, 3 MiB, 0 %, 5.74 W
2026/09/24 14:53:29.553, 3 MiB, 0 %, 5.55 W
2026/09/24 14:53:29.655, 3 MiB, 0 %, 5.54 W
2026/09/24 14:53:29.758, 3 MiB, 0 %, 8.27 W
2026/09/24 14:53:29.871, 3 MiB, 0 %, 5.64 W
2026/09/24 14:53:29.973, 3 MiB, 0 %, 5.64 W
2026/09/24 14:53:30.076, 3 MiB, 0 %, 5.45 W
2026/09/24 14:53:30.178, 3 MiB, 0 %, 5.55 W
2026/09/24 14:53:30.280, 3 MiB, 0 %, 5.74 W
2026/09/24 14:53:30.383, 3 MiB, 0 %, 5.64 W
2026/09/24 14:53:30.485, 3 MiB, 0 %, 5.64 W
2026/09/24 14:53:30.588, 3 MiB, 0 %, 5.64 W
2026/09/24 14:53:30.690, 3 MiB, 0 %, 5.54 W
2026/09/24 14:53:30.793, 3 MiB, 0 %, 6.13 W
2026/09/24 14:53:30.895, 3 MiB, 0 %, 5.64 W
2026/09/24 14:53:30.997, 3 MiB, 0 %, 5.64 W
2026/09/24 14:53:31.100, 3 MiB, 0 %, 5.64 W
2026/09/24 14:53:31.202, 3 MiB, 0 %, 5.54 W
2026/09/24 14:53:31.305, 3 MiB, 0 %, 5.54 W
2026/09/24 14:53:31.407, 3 MiB, 0 %, 5.54 W
2026/09/24 14:53:31.510, 3 MiB, 0 %, 5.74 W
2026/09/24 14:53:31.612, 3 MiB, 0 %, 5.64 W
2026/09/24 14:53:31.715, 3 MiB, 0 %, 5.64 W
2026/09/24 14:53:31.817, 3 MiB, 0 %, 5.74 W
2026/09/24 14:53:31.920, 3 MiB, 0 %, 5.74 W
2026/09/24 14:53:32.022, 3 MiB, 0 %, 5.64 W
2026/09/24 14:53:32.124, 3 MiB, 0 %, 5.84 W
2026/09/24 14:53:32.226, 3 MiB, 0 %, 5.64 W
2026/09/24 14:53:32.329, 3 MiB, 0 %, 5.74 W
2026/09/24 14:53:32.431, 3 MiB, 0 %, 5.54 W
2026/09/24 14:53:32.534, 3 MiB, 0 %, 5.74 W
2026/09/24 14:53:32.636, 3 MiB, 0 %, 5.64 W
2026/09/24 14:53:32.739, 3 MiB, 0 %, 5.84 W
2026/09/24 14:53:32.841, 3 MiB, 0 %, 5.55 W
2026/09/24 14:53:32.944, 3 MiB, 0 %, 5.84 W
2026/09/24 14:53:33.046, 3 MiB, 0 %, 5.54 W
2026/09/24 14:53:33.149, 3 MiB, 0 %, 5.74 W
2026/09/24 14:53:33.251, 3 MiB, 0 %, 5.54 W
2026/09/24 14:53:33.354, 3 MiB, 0 %, 5.74 W
2026/09/24 14:53:33.456, 3 MiB, 0 %, 5.74 W
2026/09/24 14:53:33.559, 3 MiB, 0 %, 5.64 W
2026/09/24 14:53:33.661, 3 MiB, 0 %, 5.45 W
2026/09/24 14:53:33.763, 3 MiB, 0 %, 8.07 W
2026/09/24 14:53:33.877, 3 MiB, 0 %, 5.54 W
2026/09/24 14:53:33.980, 3 MiB, 0 %, 5.74 W
2026/09/24 14:53:34.082, 3 MiB, 0 %, 5.64 W
2026/09/24 14:53:34.184, 3 MiB, 0 %, 5.64 W
2026/09/24 14:53:34.287, 3 MiB, 0 %, 5.64 W
2026/09/24 14:53:34.389, 3 MiB, 0 %, 5.54 W
2026/09/24 14:53:34.492, 3 MiB, 0 %, 5.54 W
2026/09/24 14:53:34.594, 3 MiB, 0 %, 5.64 W
2026/09/24 14:53:34.697, 3 MiB, 0 %, 5.64 W
2026/09/24 14:53:34.799, 3 MiB, 0 %, 6.03 W
2026/09/24 14:53:34.902, 3 MiB, 0 %, 5.54 W
2026/09/24 14:53:35.004, 3 MiB, 0 %, 5.54 W
2026/09/24 14:53:35.107, 3 MiB, 0 %, 5.54 W
2026/09/24 14:53:35.209, 3 MiB, 0 %, 5.64 W
2026/09/24 14:53:35.311, 3 MiB, 0 %, 5.64 W
2026/09/24 14:53:35.414, 3 MiB, 0 %, 5.55 W
2026/09/24 14:53:35.516, 3 MiB, 0 %, 5.74 W
2026/09/24 14:53:35.618, 3 MiB, 0 %, 5.64 W
2026/09/24 14:53:35.721, 3 MiB, 0 %, 5.74 W
2026/09/24 14:53:35.823, 3 MiB, 0 %, 5.74 W
2026/09/24 14:53:35.926, 3 MiB, 0 %, 5.74 W
2026/09/24 14:53:36.028, 3 MiB, 0 %, 5.74 W
2026/09/24 14:53:36.131, 3 MiB, 0 %, 5.74 W
2026/09/24 14:53:36.233, 3 MiB, 0 %, 5.54 W
2026/09/24 14:53:36.336, 3 MiB, 0 %, 5.74 W
2026/09/24 14:53:36.438, 3 MiB, 0 %, 5.64 W
2026/09/24 14:53:36.541, 3 MiB, 0 %, 5.74 W
2026/09/24 14:53:36.643, 3 MiB, 0 %, 5.64 W
2026/09/24 14:53:36.746, 3 MiB, 0 %, 5.74 W
2026/09/24 14:53:36.848, 3 MiB, 0 %, 5.45 W
2026/09/24 14:53:36.950, 3 MiB, 0 %, 5.54 W
2026/09/24 14:53:37.053, 3 MiB, 0 %, 5.55 W
2026/09/24 14:53:37.155, 3 MiB, 0 %, 5.64 W
2026/09/24 14:53:37.257, 3 MiB, 0 %, 5.64 W
2026/09/24 14:53:37.360, 3 MiB, 0 %, 5.74 W
2026/09/24 14:53:37.462, 3 MiB, 0 %, 5.64 W
2026/09/24 14:53:37.565, 3 MiB, 0 %, 5.54 W
2026/09/24 14:53:37.667, 3 MiB, 0 %, 5.55 W
2026/09/24 14:53:37.769, 3 MiB, 0 %, 8.07 W
2026/09/24 14:53:37.883, 3 MiB, 0 %, 5.74 W
2026/09/24 14:53:37.986, 3 MiB, 0 %, 5.64 W
2026/09/24 14:53:38.088, 3 MiB, 0 %, 5.64 W
2026/09/24 14:53:38.190, 3 MiB, 0 %, 5.54 W
2026/09/24 14:53:38.293, 3 MiB, 0 %, 5.54 W
2026/09/24 14:53:38.396, 3 MiB, 0 %, 5.64 W
2026/09/24 14:53:38.498, 3 MiB, 0 %, 5.64 W
2026/09/24 14:53:38.601, 3 MiB, 0 %, 5.54 W
2026/09/24 14:53:38.703, 3 MiB, 0 %, 5.54 W
2026/09/24 14:53:38.805, 3 MiB, 0 %, 6.13 W
2026/09/24 14:53:38.908, 3 MiB, 0 %, 5.54 W
2026/09/24 14:53:39.010, 3 MiB, 0 %, 5.64 W
2026/09/24 14:53:39.113, 3 MiB, 0 %, 5.64 W
2026/09/24 14:53:39.215, 3 MiB, 0 %, 5.54 W
2026/09/24 14:53:39.317, 3 MiB, 0 %, 5.54 W
2026/09/24 14:53:39.420, 3 MiB, 0 %, 5.54 W
2026/09/24 14:53:39.522, 3 MiB, 0 %, 5.74 W
2026/09/24 14:53:39.625, 3 MiB, 0 %, 5.64 W
2026/09/24 14:53:39.727, 3 MiB, 0 %, 5.74 W
2026/09/24 14:53:39.829, 3 MiB, 0 %, 5.64 W
2026/09/24 14:53:39.932, 3 MiB, 0 %, 6.03 W
2026/09/24 14:53:40.036, 3 MiB, 0 %, 5.54 W
2026/09/24 14:53:40.138, 3 MiB, 0 %, 5.74 W
2026/09/24 14:53:40.241, 3 MiB, 0 %, 5.64 W
2026/09/24 14:53:40.343, 3 MiB, 0 %, 5.74 W
2026/09/24 14:53:40.445, 3 MiB, 0 %, 5.64 W
2026/09/24 14:53:40.548, 3 MiB, 0 %, 5.74 W
2026/09/24 14:53:40.650, 3 MiB, 0 %, 5.54 W
2026/09/24 14:53:40.752, 3 MiB, 0 %, 5.74 W
2026/09/24 14:53:40.855, 3 MiB, 0 %, 5.54 W
2026/09/24 14:53:40.957, 3 MiB, 0 %, 5.74 W
2026/09/24 14:53:41.060, 3 MiB, 0 %, 5.54 W
2026/09/24 14:53:41.162, 3 MiB, 0 %, 5.74 W
2026/09/24 14:53:41.264, 3 MiB, 0 %, 5.64 W
2026/09/24 14:53:41.366, 3 MiB, 0 %, 5.74 W
2026/09/24 14:53:41.469, 3 MiB, 0 %, 5.64 W
2026/09/24 14:53:41.571, 3 MiB, 0 %, 5.64 W
2026/09/24 14:53:41.673, 3 MiB, 0 %, 5.54 W
2026/09/24 14:53:41.776, 3 MiB, 0 %, 8.07 W
2026/09/24 14:53:41.891, 3 MiB, 0 %, 5.45 W
2026/09/24 14:53:41.993, 3 MiB, 0 %, 5.74 W
2026/09/24 14:53:42.095, 3 MiB, 0 %, 5.54 W
2026/09/24 14:53:42.198, 3 MiB, 0 %, 5.64 W
2026/09/24 14:53:42.300, 3 MiB, 0 %, 5.64 W
2026/09/24 14:53:42.403, 3 MiB, 0 %, 5.54 W
2026/09/24 14:53:42.505, 3 MiB, 0 %, 5.45 W
2026/09/24 14:53:42.608, 3 MiB, 0 %, 5.64 W
2026/09/24 14:53:42.710, 3 MiB, 0 %, 5.54 W
2026/09/24 14:53:42.813, 3 MiB, 0 %, 6.03 W
2026/09/24 14:53:42.915, 3 MiB, 0 %, 5.64 W
2026/09/24 14:53:43.018, 3 MiB, 0 %, 5.64 W
2026/09/24 14:53:43.120, 3 MiB, 0 %, 5.93 W
2026/09/24 14:53:43.223, 13 MiB, 0 %, 5.54 W
2026/09/24 14:53:43.381, 85 MiB, 1 %, 28.20 W
2026/09/24 14:53:43.483, 13 MiB, 3 %, 28.39 W
2026/09/24 14:53:43.604, 15 MiB, 3 %, 28.39 W
2026/09/24 14:53:43.708, 87 MiB, 1 %, 28.39 W
2026/09/24 14:53:43.810, 87 MiB, 1 %, 28.49 W
2026/09/24 14:53:43.912, 87 MiB, 0 %, 28.49 W
2026/09/24 14:53:44.014, 87 MiB, 0 %, 28.49 W
2026/09/24 14:53:44.116, 87 MiB, 0 %, 28.49 W
2026/09/24 14:53:44.218, 87 MiB, 0 %, 28.49 W
2026/09/24 14:53:44.320, 87 MiB, 0 %, 28.49 W
2026/09/24 14:53:44.422, 87 MiB, 0 %, 28.39 W
2026/09/24 14:53:44.524, 87 MiB, 0 %, 28.39 W
2026/09/24 14:53:44.626, 87 MiB, 0 %, 28.39 W
2026/09/24 14:53:44.730, 87 MiB, 0 %, 28.49 W
2026/09/24 14:53:44.832, 87 MiB, 0 %, 28.49 W
2026/09/24 14:53:44.934, 87 MiB, 0 %, 28.49 W
2026/09/24 14:53:45.036, 311 MiB, 11 %, 28.49 W
2026/09/24 14:53:45.138, 311 MiB, 11 %, 28.49 W
2026/09/24 14:53:45.240, 311 MiB, 0 %, 28.49 W
2026/09/24 14:53:45.342, 311 MiB, 0 %, 28.49 W
2026/09/24 14:53:45.444, 311 MiB, 0 %, 28.39 W
2026/09/24 14:53:45.546, 311 MiB, 0 %, 28.39 W
2026/09/24 14:53:45.648, 311 MiB, 0 %, 28.39 W
2026/09/24 14:53:45.752, 311 MiB, 0 %, 28.39 W
2026/09/24 14:53:45.855, 311 MiB, 0 %, 28.39 W
2026/09/24 14:53:45.957, 311 MiB, 0 %, 28.49 W
2026/09/24 14:53:46.059, 311 MiB, 0 %, 28.49 W
2026/09/24 14:53:46.161, 311 MiB, 0 %, 28.49 W
2026/09/24 14:53:46.263, 311 MiB, 0 %, 28.49 W
2026/09/24 14:53:46.365, 311 MiB, 0 %, 28.49 W
2026/09/24 14:53:46.467, 311 MiB, 0 %, 28.49 W
2026/09/24 14:53:46.569, 311 MiB, 0 %, 28.49 W
2026/09/24 14:53:46.674, 311 MiB, 0 %, 28.39 W
2026/09/24 14:53:46.776, 311 MiB, 0 %, 28.39 W
2026/09/24 14:53:46.878, 311 MiB, 0 %, 28.39 W
2026/09/24 14:53:46.980, 311 MiB, 0 %, 28.49 W
2026/09/24 14:53:47.082, 311 MiB, 0 %, 28.49 W
2026/09/24 14:53:47.184, 503 MiB, 8 %, 28.78 W
2026/09/24 14:53:47.286, 503 MiB, 8 %, 28.49 W
2026/09/24 14:53:47.388, 503 MiB, 3 %, 28.49 W
2026/09/24 14:53:47.490, 503 MiB, 3 %, 28.49 W
2026/09/24 14:53:47.592, 503 MiB, 0 %, 28.49 W
2026/09/24 14:53:47.696, 503 MiB, 0 %, 28.49 W
2026/09/24 14:53:47.798, 503 MiB, 0 %, 28.39 W
2026/09/24 14:53:47.900, 503 MiB, 0 %, 28.49 W
2026/09/24 14:53:48.002, 503 MiB, 0 %, 28.49 W
2026/09/24 14:53:48.104, 503 MiB, 0 %, 28.49 W
2026/09/24 14:53:48.206, 503 MiB, 0 %, 28.49 W
2026/09/24 14:53:48.308, 503 MiB, 0 %, 28.49 W
2026/09/24 14:53:48.410, 503 MiB, 0 %, 28.49 W
2026/09/24 14:53:48.512, 503 MiB, 0 %, 28.49 W
2026/09/24 14:53:48.614, 503 MiB, 0 %, 28.49 W
2026/09/24 14:53:48.718, 503 MiB, 0 %, 28.49 W
2026/09/24 14:53:48.820, 503 MiB, 0 %, 28.49 W
2026/09/24 14:53:48.922, 503 MiB, 0 %, 28.49 W
2026/09/24 14:53:49.024, 503 MiB, 0 %, 28.49 W
2026/09/24 14:53:49.126, 503 MiB, 0 %, 28.49 W
2026/09/24 14:53:49.228, 503 MiB, 0 %, 28.49 W
2026/09/24 14:53:49.330, 695 MiB, 0 %, 29.07 W
2026/09/24 14:53:49.432, 695 MiB, 5 %, 28.49 W
2026/09/24 14:53:49.534, 695 MiB, 6 %, 28.49 W
2026/09/24 14:53:49.636, 695 MiB, 6 %, 28.49 W
2026/09/24 14:53:49.740, 695 MiB, 0 %, 28.49 W
2026/09/24 14:53:49.842, 695 MiB, 0 %, 28.49 W
2026/09/24 14:53:49.944, 695 MiB, 0 %, 28.49 W
2026/09/24 14:53:50.046, 695 MiB, 0 %, 28.49 W
2026/09/24 14:53:50.148, 695 MiB, 0 %, 28.49 W
2026/09/24 14:53:50.250, 695 MiB, 0 %, 28.59 W
2026/09/24 14:53:50.352, 695 MiB, 0 %, 28.49 W
2026/09/24 14:53:50.454, 695 MiB, 0 %, 28.49 W
2026/09/24 14:53:50.556, 695 MiB, 0 %, 28.49 W
2026/09/24 14:53:50.658, 695 MiB, 0 %, 28.49 W
2026/09/24 14:53:50.763, 695 MiB, 0 %, 28.49 W
2026/09/24 14:53:50.865, 695 MiB, 0 %, 28.59 W
2026/09/24 14:53:50.967, 695 MiB, 0 %, 28.49 W
2026/09/24 14:53:51.069, 695 MiB, 0 %, 28.49 W
2026/09/24 14:53:51.171, 695 MiB, 0 %, 28.49 W
2026/09/24 14:53:51.273, 695 MiB, 0 %, 28.49 W
2026/09/24 14:53:51.376, 695 MiB, 0 %, 28.59 W
2026/09/24 14:53:51.478, 695 MiB, 0 %, 28.59 W
2026/09/24 14:53:51.580, 887 MiB, 5 %, 28.59 W
2026/09/24 14:53:51.685, 887 MiB, 6 %, 28.59 W
2026/09/24 14:53:51.787, 887 MiB, 6 %, 28.59 W
2026/09/24 14:53:51.889, 887 MiB, 0 %, 28.49 W
2026/09/24 14:53:51.991, 887 MiB, 0 %, 28.59 W
2026/09/24 14:53:52.093, 887 MiB, 0 %, 28.59 W
2026/09/24 14:53:52.195, 887 MiB, 0 %, 28.59 W
2026/09/24 14:53:52.296, 887 MiB, 0 %, 28.49 W
2026/09/24 14:53:52.399, 887 MiB, 0 %, 28.59 W
2026/09/24 14:53:52.501, 887 MiB, 0 %, 28.59 W
2026/09/24 14:53:52.603, 887 MiB, 0 %, 28.49 W
2026/09/24 14:53:52.707, 887 MiB, 0 %, 28.59 W
2026/09/24 14:53:52.809, 887 MiB, 0 %, 28.59 W
2026/09/24 14:53:52.911, 887 MiB, 0 %, 28.59 W
2026/09/24 14:53:53.013, 887 MiB, 0 %, 28.59 W
2026/09/24 14:53:53.115, 887 MiB, 0 %, 28.59 W
2026/09/24 14:53:53.218, 887 MiB, 0 %, 28.59 W
2026/09/24 14:53:53.320, 887 MiB, 0 %, 28.59 W
2026/09/24 14:53:53.422, 887 MiB, 0 %, 28.59 W
2026/09/24 14:53:53.524, 887 MiB, 0 %, 28.59 W
2026/09/24 14:53:53.626, 887 MiB, 0 %, 28.59 W
2026/09/24 14:53:53.730, 887 MiB, 0 %, 28.59 W
2026/09/24 14:53:53.832, 887 MiB, 0 %, 28.59 W
2026/09/24 14:53:53.934, 887 MiB, 0 %, 28.59 W
2026/09/24 14:53:54.037, 887 MiB, 0 %, 28.59 W
2026/09/24 14:53:54.139, 887 MiB, 0 %, 28.59 W
2026/09/24 14:53:54.241, 887 MiB, 0 %, 28.59 W
2026/09/24 14:53:54.343, 887 MiB, 0 %, 28.59 W
2026/09/24 14:53:54.446, 887 MiB, 0 %, 28.59 W
2026/09/24 14:53:54.548, 887 MiB, 0 %, 28.49 W
2026/09/24 14:53:54.650, 887 MiB, 0 %, 28.59 W
2026/09/24 14:53:54.754, 887 MiB, 0 %, 28.59 W
2026/09/24 14:53:54.856, 887 MiB, 0 %, 28.59 W
2026/09/24 14:53:54.959, 887 MiB, 0 %, 28.59 W
2026/09/24 14:53:55.061, 887 MiB, 0 %, 28.59 W
2026/09/24 14:53:55.163, 887 MiB, 0 %, 28.59 W
2026/09/24 14:53:55.266, 887 MiB, 12 %, 61.08 W
2026/09/24 14:53:55.368, 887 MiB, 49 %, 29.27 W
2026/09/24 14:53:55.470, 887 MiB, 49 %, 31.22 W
2026/09/24 14:53:55.572, 887 MiB, 0 %, 31.22 W
2026/09/24 14:53:55.674, 887 MiB, 0 %, 31.22 W
2026/09/24 14:53:55.778, 887 MiB, 0 %, 31.20 W
2026/09/24 14:53:55.880, 887 MiB, 0 %, 31.22 W
2026/09/24 14:53:55.982, 887 MiB, 0 %, 31.22 W
2026/09/24 14:53:56.084, 887 MiB, 0 %, 31.22 W
2026/09/24 14:53:56.187, 887 MiB, 0 %, 31.22 W
2026/09/24 14:53:56.289, 887 MiB, 0 %, 31.22 W
2026/09/24 14:53:56.391, 887 MiB, 0 %, 31.22 W
2026/09/24 14:53:56.493, 887 MiB, 0 %, 31.22 W
2026/09/24 14:53:56.595, 887 MiB, 0 %, 31.22 W
2026/09/24 14:53:56.700, 887 MiB, 0 %, 31.22 W
2026/09/24 14:53:56.802, 887 MiB, 0 %, 31.22 W
2026/09/24 14:53:56.905, 887 MiB, 0 %, 31.22 W
2026/09/24 14:53:57.007, 887 MiB, 0 %, 31.22 W
2026/09/24 14:53:57.109, 887 MiB, 0 %, 31.22 W
2026/09/24 14:53:57.211, 887 MiB, 0 %, 31.22 W
2026/09/24 14:53:57.313, 887 MiB, 0 %, 31.22 W
2026/09/24 14:53:57.416, 887 MiB, 0 %, 31.22 W
2026/09/24 14:53:57.518, 887 MiB, 0 %, 31.22 W
2026/09/24 14:53:57.622, 887 MiB, 0 %, 31.22 W
2026/09/24 14:53:57.724, 887 MiB, 0 %, 31.30 W
2026/09/24 14:53:57.827, 887 MiB, 0 %, 31.22 W
2026/09/24 14:53:57.929, 887 MiB, 0 %, 31.31 W
2026/09/24 14:53:58.031, 887 MiB, 0 %, 31.22 W
2026/09/24 14:53:58.133, 887 MiB, 1 %, 62.21 W
2026/09/24 14:53:58.235, 887 MiB, 90 %, 67.74 W
2026/09/24 14:53:58.337, 887 MiB, 90 %, 68.25 W
2026/09/24 14:53:58.439, 887 MiB, 89 %, 75.85 W
2026/09/24 14:53:58.541, 887 MiB, 89 %, 79.06 W
2026/09/24 14:53:58.646, 887 MiB, 88 %, 92.58 W
2026/09/24 14:53:58.748, 887 MiB, 88 %, 98.34 W
2026/09/24 14:53:58.850, 887 MiB, 88 %, 101.83 W
2026/09/24 14:53:58.952, 887 MiB, 87 %, 101.34 W
2026/09/24 14:53:59.054, 887 MiB, 88 %, 104.54 W
2026/09/24 14:53:59.156, 887 MiB, 88 %, 97.79 W
2026/09/24 14:53:59.258, 887 MiB, 94 %, 97.69 W
2026/09/24 14:53:59.360, 887 MiB, 94 %, 98.95 W
2026/09/24 14:53:59.462, 887 MiB, 93 %, 102.42 W
2026/09/24 14:53:59.564, 887 MiB, 94 %, 101.69 W
2026/09/24 14:53:59.669, 887 MiB, 94 %, 102.71 W
2026/09/24 14:53:59.771, 887 MiB, 93 %, 103.31 W
2026/09/24 14:53:59.879, 887 MiB, 93 %, 51.60 W
2026/09/24 14:53:59.981, 887 MiB, 83 %, 34.12 W
2026/09/24 14:54:00.083, 887 MiB, 0 %, 34.04 W
2026/09/24 14:54:00.185, 887 MiB, 0 %, 33.94 W
2026/09/24 14:54:00.287, 887 MiB, 0 %, 33.94 W
2026/09/24 14:54:00.390, 887 MiB, 0 %, 33.83 W
2026/09/24 14:54:00.495, 887 MiB, 0 %, 33.83 W
2026/09/24 14:54:00.597, 887 MiB, 0 %, 33.84 W
2026/09/24 14:54:00.699, 887 MiB, 0 %, 33.84 W
2026/09/24 14:54:00.801, 887 MiB, 0 %, 33.83 W
2026/09/24 14:54:00.903, 887 MiB, 0 %, 33.83 W
2026/09/24 14:54:01.005, 887 MiB, 0 %, 33.84 W
2026/09/24 14:54:01.108, 887 MiB, 0 %, 33.83 W
2026/09/24 14:54:01.210, 887 MiB, 0 %, 33.83 W
2026/09/24 14:54:01.312, 887 MiB, 0 %, 33.84 W
2026/09/24 14:54:01.414, 887 MiB, 0 %, 33.84 W
2026/09/24 14:54:01.516, 887 MiB, 0 %, 33.83 W
2026/09/24 14:54:01.621, 887 MiB, 0 %, 33.83 W
2026/09/24 14:54:01.724, 887 MiB, 0 %, 33.83 W
2026/09/24 14:54:01.826, 887 MiB, 0 %, 33.83 W
2026/09/24 14:54:01.928, 887 MiB, 0 %, 33.84 W
2026/09/24 14:54:02.030, 887 MiB, 0 %, 33.83 W
2026/09/24 14:54:02.132, 887 MiB, 0 %, 33.84 W
2026/09/24 14:54:02.235, 887 MiB, 0 %, 33.84 W
2026/09/24 14:54:02.337, 887 MiB, 0 %, 33.83 W
2026/09/24 14:54:02.439, 887 MiB, 0 %, 33.84 W
2026/09/24 14:54:02.543, 887 MiB, 0 %, 33.84 W
2026/09/24 14:54:02.645, 887 MiB, 0 %, 33.84 W
2026/09/24 14:54:02.747, 887 MiB, 34 %, 98.76 W
2026/09/24 14:54:02.850, 887 MiB, 34 %, 97.80 W
2026/09/24 14:54:02.952, 887 MiB, 88 %, 100.96 W
2026/09/24 14:54:03.054, 887 MiB, 88 %, 101.92 W
2026/09/24 14:54:03.156, 887 MiB, 87 %, 102.03 W
2026/09/24 14:54:03.258, 887 MiB, 87 %, 101.58 W
2026/09/24 14:54:03.360, 887 MiB, 87 %, 100.70 W
2026/09/24 14:54:03.462, 887 MiB, 88 %, 102.12 W
2026/09/24 14:54:03.565, 887 MiB, 88 %, 102.31 W
2026/09/24 14:54:03.667, 887 MiB, 87 %, 100.02 W
2026/09/24 14:54:03.769, 887 MiB, 95 %, 102.15 W
2026/09/24 14:54:03.871, 887 MiB, 95 %, 99.53 W
2026/09/24 14:54:03.973, 887 MiB, 95 %, 100.77 W
2026/09/24 14:54:04.075, 887 MiB, 95 %, 100.40 W
2026/09/24 14:54:04.177, 887 MiB, 95 %, 100.11 W
2026/09/24 14:54:04.279, 887 MiB, 95 %, 103.51 W
2026/09/24 14:54:04.381, 887 MiB, 95 %, 100.67 W
2026/09/24 14:54:04.484, 887 MiB, 93 %, 34.32 W
2026/09/24 14:54:04.586, 887 MiB, 0 %, 33.93 W
2026/09/24 14:54:04.690, 887 MiB, 0 %, 33.83 W
2026/09/24 14:54:04.792, 887 MiB, 0 %, 33.84 W
2026/09/24 14:54:04.895, 887 MiB, 0 %, 33.83 W
2026/09/24 14:54:04.997, 887 MiB, 0 %, 33.84 W
2026/09/24 14:54:05.099, 887 MiB, 0 %, 33.83 W
2026/09/24 14:54:05.201, 887 MiB, 0 %, 33.83 W
2026/09/24 14:54:05.304, 887 MiB, 0 %, 33.74 W
2026/09/24 14:54:05.406, 887 MiB, 0 %, 33.74 W
2026/09/24 14:54:05.508, 887 MiB, 0 %, 33.74 W
2026/09/24 14:54:05.611, 887 MiB, 0 %, 33.73 W
2026/09/24 14:54:05.714, 887 MiB, 0 %, 33.74 W
2026/09/24 14:54:05.816, 887 MiB, 0 %, 33.84 W
2026/09/24 14:54:05.918, 887 MiB, 0 %, 33.84 W
2026/09/24 14:54:06.021, 887 MiB, 0 %, 33.73 W
2026/09/24 14:54:06.123, 887 MiB, 0 %, 33.74 W
2026/09/24 14:54:06.225, 887 MiB, 0 %, 33.73 W
2026/09/24 14:54:06.328, 887 MiB, 0 %, 33.73 W
2026/09/24 14:54:06.430, 887 MiB, 0 %, 33.73 W
2026/09/24 14:54:06.534, 887 MiB, 0 %, 33.74 W
2026/09/24 14:54:06.636, 887 MiB, 0 %, 33.74 W
2026/09/24 14:54:06.738, 887 MiB, 0 %, 33.73 W
2026/09/24 14:54:06.840, 887 MiB, 0 %, 33.74 W
2026/09/24 14:54:06.943, 887 MiB, 0 %, 33.74 W
2026/09/24 14:54:07.045, 887 MiB, 0 %, 33.73 W
2026/09/24 14:54:07.147, 887 MiB, 0 %, 33.73 W
2026/09/24 14:54:07.249, 887 MiB, 0 %, 33.73 W
2026/09/24 14:54:07.351, 887 MiB, 0 %, 95.17 W
2026/09/24 14:54:07.455, 887 MiB, 78 %, 101.83 W
2026/09/24 14:54:07.557, 887 MiB, 78 %, 101.08 W
2026/09/24 14:54:07.659, 887 MiB, 88 %, 102.06 W
2026/09/24 14:54:07.761, 887 MiB, 88 %, 101.48 W
2026/09/24 14:54:07.863, 887 MiB, 88 %, 99.80 W
2026/09/24 14:54:07.965, 887 MiB, 88 %, 101.64 W
2026/09/24 14:54:08.067, 887 MiB, 88 %, 101.38 W
2026/09/24 14:54:08.169, 887 MiB, 88 %, 102.54 W
2026/09/24 14:54:08.271, 887 MiB, 90 %, 99.53 W
2026/09/24 14:54:08.373, 887 MiB, 90 %, 99.53 W
2026/09/24 14:54:08.478, 887 MiB, 93 %, 103.18 W
2026/09/24 14:54:08.580, 887 MiB, 93 %, 100.60 W
2026/09/24 14:54:08.682, 887 MiB, 94 %, 101.67 W
2026/09/24 14:54:08.784, 887 MiB, 95 %, 101.93 W
2026/09/24 14:54:08.886, 887 MiB, 95 %, 99.63 W
2026/09/24 14:54:08.988, 887 MiB, 95 %, 100.21 W
2026/09/24 14:54:09.090, 181 MiB, 95 %, 37.42 W
2026/09/24 14:54:09.192, 5 MiB, 62 %, 34.91 W
2026/09/24 14:54:09.294, 5 MiB, 2 %, 34.71 W
