shard	start	end	elements	P19M784931	P16M98304	P14M24576	P13M12288	P12M4096	P11M2048	P10M1024	P9M512	P8M256
160	3262749	3277023	33494	88141	75593	67220	63033	56862	52675	48488	44303	40119
161	3277024	3294352	31237	82207	70503	62694	58789	53039	49135	45231	41328	37426
162	3294353	3308481	32348	85130	73013	64926	60882	54922	50879	46836	42793	38752
163	3308482	3328286	32037	84314	72309	64300	60295	54384	50380	46376	42372	38370
164	3328287	3340256	38200	100530	86221	76671	71896	64854	60079	55304	50530	45758
165	3340257	3347334	45454	119620	102590	91226	85545	77176	71495	65814	60133	54456
166	3347335	3358000	34509	90815	77884	69257	64944	58591	54277	49964	45652	41341
167	3358001	3377463	45265	119130	102171	90856	85198	76852	71194	65537	59881	54226
168	3377464	3398661	35820	94275	80854	71899	67422	60815	56339	51862	47386	42911
169	3398662	3420737	34388	90497	77612	69015	64717	58384	54086	49788	45490	41194
170	3420738	3441530	38739	101944	87429	77744	72902	65777	60935	56093	51253	46413
171	3441531	3460167	39376	103639	88886	79042	74120	66867	61945	57024	52103	47184
172	3460168	3473054	45389	119442	102437	91090	85416	77067	71394	65721	60049	54379
173	3473055	3473686	5203	13694	11744	10444	9793	8840	8190	7539	6889	6240
total			491459	1293378	1109246	986384	924952	834430	773003	711577	650162	588769
summary	P=19	M=784931	bytes=1293378	bits_per_element=21.054	false_match_per_absent_test=1.274e-6
summary	P=16	M=98304	bytes=1109246	bits_per_element=18.056	false_match_per_absent_test=1.017e-5
summary	P=14	M=24576	bytes=986384	bits_per_element=16.056	false_match_per_absent_test=4.069e-5
summary	P=13	M=12288	bytes=924952	bits_per_element=15.056	false_match_per_absent_test=8.138e-5
summary	P=12	M=4096	bytes=834430	bits_per_element=13.583	false_match_per_absent_test=2.441e-4
summary	P=11	M=2048	bytes=773003	bits_per_element=12.583	false_match_per_absent_test=4.883e-4
summary	P=10	M=1024	bytes=711577	bits_per_element=11.583	false_match_per_absent_test=9.766e-4
summary	P=9	M=512	bytes=650162	bits_per_element=10.583	false_match_per_absent_test=1.953e-3
summary	P=8	M=256	bytes=588769	bits_per_element=9.584	false_match_per_absent_test=3.906e-3
