history	90	recent-4k-8k	directory	0	c8b9a79dc621de566b26bc275c91fd3a3094513facffb09cb440ac64eb49e8ba	directory.0.bin
history	90	recent-4k-8k	pages	0	c8b9a79dc621de566b26bc275c91fd3a3094513facffb09cb440ac64eb49e8ba	pages.0.bin
txid	425	txid-2k	txdirectory	0	6eb7f3fa3e970eb25f64dcd8299a548a3c27b1973f9255195c9f48bcfb8b5687	directory-0.0.bin
history	0	archive-wide	directory	0	38c53bd3037b5576bff30cac6bfc2f28d70f00938777ebd2da62c1fe1bf000e0	directory.0.bin
history	0	archive-wide	pages	0	38c53bd3037b5576bff30cac6bfc2f28d70f00938777ebd2da62c1fe1bf000e0	pages.0.bin
history	1	archive-wide	directory	0	61528d29e884140e3c33192f754d6c7d55e1c55a4d65ba2dee6dd77739abfce3	directory.0.bin
history	1	archive-wide	pages	0	61528d29e884140e3c33192f754d6c7d55e1c55a4d65ba2dee6dd77739abfce3	pages.0.bin
history	2	archive-wide	directory	0	a6dcfc05171af0b3811f85f2549dd90026827b1fd81f4b77a7d88c93608792a5	directory.0.bin
history	2	archive-wide	pages	0	a6dcfc05171af0b3811f85f2549dd90026827b1fd81f4b77a7d88c93608792a5	pages.0.bin
history	3	archive-wide	directory	0	e8c60419d778545681f888acbf72da3bf1c9ed5a2b434fa213f13beb2bff35dd	directory.0.bin
history	3	archive-wide	pages	0	e8c60419d778545681f888acbf72da3bf1c9ed5a2b434fa213f13beb2bff35dd	pages.0.bin
history	4	archive-wide	directory	0	c3bf6e6c068b27a9ea5279b740c5bda37bcde9b8d76244d0a542f38fa5542a8b	directory.0.bin
history	4	archive-wide	pages	0	c3bf6e6c068b27a9ea5279b740c5bda37bcde9b8d76244d0a542f38fa5542a8b	pages.0.bin
history	5	archive-wide	directory	0	3a324cd024273242ac5315acdb0fdc9b55a01a264f04d1dc86344755649a845e	directory.0.bin
history	5	archive-wide	pages	0	3a324cd024273242ac5315acdb0fdc9b55a01a264f04d1dc86344755649a845e	pages.0.bin
history	6	archive-wide	directory	0	e5b597dcd431b50f75bd3e2941adf9c18e6029647d0d97e8a8778701752dff71	directory.0.bin
history	6	archive-wide	pages	0	e5b597dcd431b50f75bd3e2941adf9c18e6029647d0d97e8a8778701752dff71	pages.0.bin
history	7	archive-wide	directory	0	f8016c499d6d8e6d579bfe52dec0820b5086a9c7f55061f78212cbac7e638764	directory.0.bin
history	7	archive-wide	pages	0	f8016c499d6d8e6d579bfe52dec0820b5086a9c7f55061f78212cbac7e638764	pages.0.bin
history	8	archive-wide	directory	0	2cdd37bd8fd09986cfbb0b6eb2cf8a49a9fdcfb92459f4e5b5dbdbde8f2088cf	directory.0.bin
history	8	archive-wide	pages	0	2cdd37bd8fd09986cfbb0b6eb2cf8a49a9fdcfb92459f4e5b5dbdbde8f2088cf	pages.0.bin
history	9	archive-wide	directory	0	aff43450772c0270a5fc65f513a8705befc468ebc96018f7244fe09658ffeba2	directory.0.bin
history	9	archive-wide	pages	0	aff43450772c0270a5fc65f513a8705befc468ebc96018f7244fe09658ffeba2	pages.0.bin
history	10	archive-wide	directory	0	669b1de94884e07b2aa4025e10201910750aed268ebe980c0f990305082141c1	directory.0.bin
history	10	archive-wide	pages	0	669b1de94884e07b2aa4025e10201910750aed268ebe980c0f990305082141c1	pages.0.bin
history	11	archive-wide	directory	0	67176db2c0676239615612ab02018f06e5b7306275d732303718b9bcfa624867	directory.0.bin
history	11	archive-wide	pages	0	67176db2c0676239615612ab02018f06e5b7306275d732303718b9bcfa624867	pages.0.bin
history	12	archive-wide	directory	0	758292491c88c8d92b46d944dcba35a04e45ca9d9777271bcef67d79cb337c97	directory.0.bin
history	12	archive-wide	pages	0	758292491c88c8d92b46d944dcba35a04e45ca9d9777271bcef67d79cb337c97	pages.0.bin
history	13	archive-wide	directory	0	51ec5548e41251ebb7f0050eea556bd331329c13330033022977fdce2cbf4af8	directory.0.bin
history	13	archive-wide	pages	0	51ec5548e41251ebb7f0050eea556bd331329c13330033022977fdce2cbf4af8	pages.0.bin
history	14	archive-wide	directory	0	3751f19d238c0348a5c3b87d0d84a6e8ccceefaf253aecfe495bc697dc1327bd	directory.0.bin
history	14	archive-wide	pages	0	3751f19d238c0348a5c3b87d0d84a6e8ccceefaf253aecfe495bc697dc1327bd	pages.0.bin
history	15	archive-wide	directory	0	a32eb4b00f64fd4495da926fa1af8c5f03ac1eb274ed73824cb448bc6ad10ecb	directory.0.bin
history	15	archive-wide	pages	0	a32eb4b00f64fd4495da926fa1af8c5f03ac1eb274ed73824cb448bc6ad10ecb	pages.0.bin
history	16	archive-wide	directory	0	21c9ed4fda6384433b95f2507d5eae147ae77cb3c5103cf35b192c7b28b649e2	directory.0.bin
history	16	archive-wide	pages	0	21c9ed4fda6384433b95f2507d5eae147ae77cb3c5103cf35b192c7b28b649e2	pages.0.bin
history	17	archive-wide	directory	0	22fb3cf32c880c4288fa2129408b1be15b251f6c3770f92b1be0b97620c72bb4	directory.0.bin
history	17	archive-wide	pages	0	22fb3cf32c880c4288fa2129408b1be15b251f6c3770f92b1be0b97620c72bb4	pages.0.bin
history	18	archive-wide	directory	0	30e2789505b6188e17bfebc7010af86360e2b0b66be41a2d4424a3da9c74d6f1	directory.0.bin
history	18	archive-wide	pages	0	30e2789505b6188e17bfebc7010af86360e2b0b66be41a2d4424a3da9c74d6f1	pages.0.bin
history	19	archive-wide	directory	0	0720914ad755a12ae5c7c623dae984c99d9f86498e297ce1bb1c0750c69c6d3c	directory.0.bin
history	19	archive-wide	pages	0	0720914ad755a12ae5c7c623dae984c99d9f86498e297ce1bb1c0750c69c6d3c	pages.0.bin
history	20	archive-wide	directory	0	8faf5bbe36700c31f24d5a98f9eee4b6aa6934afe9a9ae53b05a3b8628be61b4	directory.0.bin
history	20	archive-wide	pages	0	8faf5bbe36700c31f24d5a98f9eee4b6aa6934afe9a9ae53b05a3b8628be61b4	pages.0.bin
history	21	archive-wide	directory	0	cbd0a2789674558e1e2198f1b8a4310269bdb1b22680138d9d1ffde553786175	directory.0.bin
history	21	archive-wide	pages	0	cbd0a2789674558e1e2198f1b8a4310269bdb1b22680138d9d1ffde553786175	pages.0.bin
history	22	archive-wide	directory	0	13756b0d4f20fd51765b7a2938708148854ffd83b6681fd623ed2b3553df796a	directory.0.bin
history	22	archive-wide	pages	0	13756b0d4f20fd51765b7a2938708148854ffd83b6681fd623ed2b3553df796a	pages.0.bin
history	23	archive-wide	directory	0	22fc752a33e575cac898b615ba7ce1bf6a28abe96752ca72d622f9f43857189c	directory.0.bin
history	23	archive-wide	pages	0	22fc752a33e575cac898b615ba7ce1bf6a28abe96752ca72d622f9f43857189c	pages.0.bin
history	24	archive-wide	directory	0	f6edc6e0520ed95040539cdfb63918a9ac7324cd092780f50cdcb74aab0df7ec	directory.0.bin
history	24	archive-wide	pages	0	f6edc6e0520ed95040539cdfb63918a9ac7324cd092780f50cdcb74aab0df7ec	pages.0.bin
history	25	archive-wide	directory	0	e940634ebd14acb1fdb97f735917ead274a34120dd278b33f2535cddbeaa5f93	directory.0.bin
history	25	archive-wide	pages	0	e940634ebd14acb1fdb97f735917ead274a34120dd278b33f2535cddbeaa5f93	pages.0.bin
history	26	archive-wide	directory	0	7e1072264c9b759a2ec06da0d249e968630179fffe0948c245a5ca92bc94131d	directory.0.bin
history	26	archive-wide	pages	0	7e1072264c9b759a2ec06da0d249e968630179fffe0948c245a5ca92bc94131d	pages.0.bin
history	27	archive-wide	directory	0	b9d9daf93c5cf6060f1c962c3d6defef9627dedfd0aec61ff028c30012cafcce	directory.0.bin
history	27	archive-wide	pages	0	b9d9daf93c5cf6060f1c962c3d6defef9627dedfd0aec61ff028c30012cafcce	pages.0.bin
history	28	archive-wide	directory	0	577b1a6f868e04c7885dd7ad52d9f53e04937d73abb69fb49d27e43d125758c6	directory.0.bin
history	28	archive-wide	pages	0	577b1a6f868e04c7885dd7ad52d9f53e04937d73abb69fb49d27e43d125758c6	pages.0.bin
history	29	archive-wide	directory	0	674612b109afbbf4a70a99081b52001c034230c47f8898d214b0a72648b5a89c	directory.0.bin
history	29	archive-wide	pages	0	674612b109afbbf4a70a99081b52001c034230c47f8898d214b0a72648b5a89c	pages.0.bin
history	30	archive-wide	directory	0	4999d74f57b9bb166cc751dfffc77709e72b362781064925ac7ebf72a59546bf	directory.0.bin
history	30	archive-wide	pages	0	4999d74f57b9bb166cc751dfffc77709e72b362781064925ac7ebf72a59546bf	pages.0.bin
history	31	archive-wide	directory	0	851178fb9c9b4e9311de3fe9fd9cce92fcb0544f48e4d708771f985c1eb7356e	directory.0.bin
history	31	archive-wide	pages	0	851178fb9c9b4e9311de3fe9fd9cce92fcb0544f48e4d708771f985c1eb7356e	pages.0.bin
history	32	archive-wide	directory	0	67e7bc741a467d3c749162c3728311048a9c2366307a81f3f99f7b05d5184c56	directory.0.bin
history	32	archive-wide	pages	0	67e7bc741a467d3c749162c3728311048a9c2366307a81f3f99f7b05d5184c56	pages.0.bin
history	33	archive-wide	directory	0	595d5338f556e1b5cde6dcb2c8db819c798a7eec9be1c6bace451872ac630919	directory.0.bin
history	33	archive-wide	pages	0	595d5338f556e1b5cde6dcb2c8db819c798a7eec9be1c6bace451872ac630919	pages.0.bin
history	34	archive-wide	directory	0	582682f2b51c4491b33df0206a75912670b018ff1cf3f38fb1d1a3dfd682de15	directory.0.bin
history	34	archive-wide	pages	0	582682f2b51c4491b33df0206a75912670b018ff1cf3f38fb1d1a3dfd682de15	pages.0.bin
history	35	archive-wide	directory	0	3b4d6a6be10c3bac4b57a25e9de938d2bbbb56a32497ae49cc2ca4abec6b3cba	directory.0.bin
history	35	archive-wide	pages	0	3b4d6a6be10c3bac4b57a25e9de938d2bbbb56a32497ae49cc2ca4abec6b3cba	pages.0.bin
history	36	archive-wide	directory	0	405d77104adbf684f7ac44405c436fb15ec875e5eb5d7fd85ab240b7f567c843	directory.0.bin
history	36	archive-wide	pages	0	405d77104adbf684f7ac44405c436fb15ec875e5eb5d7fd85ab240b7f567c843	pages.0.bin
history	37	archive-wide	directory	0	8a7a80ab2b4eb40d0266fe57d51587c2c0edcd4502ffe193210a7a90d101671e	directory.0.bin
history	37	archive-wide	pages	0	8a7a80ab2b4eb40d0266fe57d51587c2c0edcd4502ffe193210a7a90d101671e	pages.0.bin
history	38	archive-wide	directory	0	8ba9e3970a82461c6d79f693511bbda8e917b940084e670026c9befd0f09ffff	directory.0.bin
history	38	archive-wide	pages	0	8ba9e3970a82461c6d79f693511bbda8e917b940084e670026c9befd0f09ffff	pages.0.bin
history	39	archive-wide	directory	0	0d33274cd98e0322485ba68cc2af4b979c2e9aa71cc04cd8aaae3e5fb8368d0d	directory.0.bin
history	39	archive-wide	pages	0	0d33274cd98e0322485ba68cc2af4b979c2e9aa71cc04cd8aaae3e5fb8368d0d	pages.0.bin
history	40	archive-wide	directory	0	a4c0770082c3180dd53ec480ee96cdbb75aa4de2a06dc572b9c3692a4e68ee07	directory.0.bin
history	40	archive-wide	pages	0	a4c0770082c3180dd53ec480ee96cdbb75aa4de2a06dc572b9c3692a4e68ee07	pages.0.bin
history	41	archive-wide	directory	0	dabbc87c624631caaf713cf013d8175e0424e27bf0cd8eeca95e650d4c918abb	directory.0.bin
history	41	archive-wide	pages	0	dabbc87c624631caaf713cf013d8175e0424e27bf0cd8eeca95e650d4c918abb	pages.0.bin
history	42	archive-wide	directory	0	7f19fce742fb5f08f8f8a30db814e896413614f8b30a97ba7cbcd6598a983bbd	directory.0.bin
history	42	archive-wide	pages	0	7f19fce742fb5f08f8f8a30db814e896413614f8b30a97ba7cbcd6598a983bbd	pages.0.bin
history	43	archive-wide	directory	0	c317898f88a05093eeece052f75236fb3e95687d03c6aaae8dc6ef4029808dd0	directory.0.bin
history	43	archive-wide	pages	0	c317898f88a05093eeece052f75236fb3e95687d03c6aaae8dc6ef4029808dd0	pages.0.bin
history	44	archive-wide	directory	0	d163eabdf87f08db9b2bd7c9d2cf3742ba246c798c38c3991ebb6b0f989d3f45	directory.0.bin
history	44	archive-wide	pages	0	d163eabdf87f08db9b2bd7c9d2cf3742ba246c798c38c3991ebb6b0f989d3f45	pages.0.bin
history	45	archive-wide	directory	0	44b140b65d5fada279f4e12d6b68efd12b5148e76d42e72f1ce40276f3dfa595	directory.0.bin
history	45	archive-wide	pages	0	44b140b65d5fada279f4e12d6b68efd12b5148e76d42e72f1ce40276f3dfa595	pages.0.bin
history	46	archive-wide	directory	0	abcfe0b2f2d652902156b5e0213ff31c7f04f63ae1137ed7e041139091cdeded	directory.0.bin
history	46	archive-wide	pages	0	abcfe0b2f2d652902156b5e0213ff31c7f04f63ae1137ed7e041139091cdeded	pages.0.bin
history	47	archive-wide	directory	0	e26454f443ff3f014358302b54811102ead33fbe77d268dce65e6dd9fcb0fd3d	directory.0.bin
history	47	archive-wide	pages	0	e26454f443ff3f014358302b54811102ead33fbe77d268dce65e6dd9fcb0fd3d	pages.0.bin
history	48	archive-wide	directory	0	d3f467a65cf549926d3f0acab6802af7b70a2977d41b1a46afd63b35e3f74d99	directory.0.bin
history	48	archive-wide	pages	0	d3f467a65cf549926d3f0acab6802af7b70a2977d41b1a46afd63b35e3f74d99	pages.0.bin
history	49	archive-wide	directory	0	8712ef7d3aafc3282159fb97baa3a24b47b57bac35d082b36c66ec492c38ecaa	directory.0.bin
history	49	archive-wide	pages	0	8712ef7d3aafc3282159fb97baa3a24b47b57bac35d082b36c66ec492c38ecaa	pages.0.bin
history	50	archive-wide	directory	0	adcb6468e280a3d1c563ca13ae9019234ab04ed94e103adb08990d690e717cbe	directory.0.bin
history	50	archive-wide	pages	0	adcb6468e280a3d1c563ca13ae9019234ab04ed94e103adb08990d690e717cbe	pages.0.bin
history	51	archive-wide	directory	0	9732e9dc8bbd2bb77679ab7e01034d24d77d91ac3d296b16b1d356a8d835a5c4	directory.0.bin
history	51	archive-wide	pages	0	9732e9dc8bbd2bb77679ab7e01034d24d77d91ac3d296b16b1d356a8d835a5c4	pages.0.bin
history	52	archive-wide	directory	0	ee59ecaa8874dab8b000c4bd4222689a6ade03074fc731ad19ba0af975c06937	directory.0.bin
history	52	archive-wide	pages	0	ee59ecaa8874dab8b000c4bd4222689a6ade03074fc731ad19ba0af975c06937	pages.0.bin
history	53	archive-wide	directory	0	4f292dc89bf014c686226f1c41c5d9a46c41d6b6b27a248e9e7349f4a59716fe	directory.0.bin
history	53	archive-wide	pages	0	4f292dc89bf014c686226f1c41c5d9a46c41d6b6b27a248e9e7349f4a59716fe	pages.0.bin
history	54	archive-wide	directory	0	e9f95508c40b8e8904777edc7ea3260952f5cc42f721788d6f90053e2b33c5ac	directory.0.bin
history	54	archive-wide	pages	0	e9f95508c40b8e8904777edc7ea3260952f5cc42f721788d6f90053e2b33c5ac	pages.0.bin
history	55	archive-wide	directory	0	051ba4172a356111878aa04e44c8f7621fa9ac3a30707ca8364424170cc913b7	directory.0.bin
history	55	archive-wide	pages	0	051ba4172a356111878aa04e44c8f7621fa9ac3a30707ca8364424170cc913b7	pages.0.bin
history	56	archive-wide	directory	0	ba09a1a460eb91c64b22f63c87746898e09152bf719e1807862c83aa1507685d	directory.0.bin
history	56	archive-wide	pages	0	ba09a1a460eb91c64b22f63c87746898e09152bf719e1807862c83aa1507685d	pages.0.bin
history	57	archive-wide	directory	0	7dbd20cffd65d56a964cbf30f4e7fe3e11a5e4648587971f012181955cf8f95d	directory.0.bin
history	57	archive-wide	pages	0	7dbd20cffd65d56a964cbf30f4e7fe3e11a5e4648587971f012181955cf8f95d	pages.0.bin
history	58	archive-wide	directory	0	a5b183b035029e3a2f878f7f2d8a0fa6db74d6bb92432110a934566d3d9acf23	directory.0.bin
history	58	archive-wide	pages	0	a5b183b035029e3a2f878f7f2d8a0fa6db74d6bb92432110a934566d3d9acf23	pages.0.bin
history	59	archive-wide	directory	0	e63a6464c1e9c750c6dd1e00ce54d79999bed8c72f59137fa6b6a58503f4808b	directory.0.bin
history	59	archive-wide	pages	0	e63a6464c1e9c750c6dd1e00ce54d79999bed8c72f59137fa6b6a58503f4808b	pages.0.bin
history	60	archive-wide	directory	0	11d7b0894d7e4b7450757513d459ed1d994b06b79f96b9f2e72a84c8a52c1e44	directory.0.bin
history	60	archive-wide	pages	0	11d7b0894d7e4b7450757513d459ed1d994b06b79f96b9f2e72a84c8a52c1e44	pages.0.bin
history	61	archive-wide	directory	0	0293fb2b9958fab032eb10c5e9e9000b25bef313569008994dc7578f42f9841e	directory.0.bin
history	61	archive-wide	pages	0	0293fb2b9958fab032eb10c5e9e9000b25bef313569008994dc7578f42f9841e	pages.0.bin
history	62	archive-wide	directory	0	3c7ffda3ec80c40fa43adc9075c9796a59566fbe2d65b22fca7efa7128983659	directory.0.bin
history	62	archive-wide	pages	0	3c7ffda3ec80c40fa43adc9075c9796a59566fbe2d65b22fca7efa7128983659	pages.0.bin
history	63	archive-wide	directory	0	b329ce747abfb09cdef4eb9b2b86c264a7878ab2cceabf2c2975c56687cbbefb	directory.0.bin
history	63	archive-wide	pages	0	b329ce747abfb09cdef4eb9b2b86c264a7878ab2cceabf2c2975c56687cbbefb	pages.0.bin
history	64	archive-wide	directory	0	a48d88781b36d7cb74f264317a4313f8089d8805385ef4642fd9f4c77c7ef64c	directory.0.bin
history	64	archive-wide	pages	0	a48d88781b36d7cb74f264317a4313f8089d8805385ef4642fd9f4c77c7ef64c	pages.0.bin
history	65	archive-wide	directory	0	94cc6d6e425c2bcb9745fcbe494e99ecb94a29f1a878d58bec740dd8346c37ee	directory.0.bin
history	65	archive-wide	pages	0	94cc6d6e425c2bcb9745fcbe494e99ecb94a29f1a878d58bec740dd8346c37ee	pages.0.bin
history	66	archive-wide	directory	0	5e2e32d9a7e83cde99cbd22eb0979098db2ccac9816f0149e55e765b2826ad30	directory.0.bin
history	66	archive-wide	pages	0	5e2e32d9a7e83cde99cbd22eb0979098db2ccac9816f0149e55e765b2826ad30	pages.0.bin
history	67	archive-wide	directory	0	97ea310d4ec810f99c1a6444fd3fb07e5534c77453de119bba488b158b2db65b	directory.0.bin
history	67	archive-wide	pages	0	97ea310d4ec810f99c1a6444fd3fb07e5534c77453de119bba488b158b2db65b	pages.0.bin
history	68	archive-wide	directory	0	241511ca8cb8fbb53797bb67129c18e71d72b30e47dfa8dab65b1cf3bf586079	directory.0.bin
history	68	archive-wide	pages	0	241511ca8cb8fbb53797bb67129c18e71d72b30e47dfa8dab65b1cf3bf586079	pages.0.bin
history	69	archive-wide	directory	0	f302b670d8b0c7017d2584d5c0241079aac0a850c5f94b8fadac3e072d567fe0	directory.0.bin
history	69	archive-wide	pages	0	f302b670d8b0c7017d2584d5c0241079aac0a850c5f94b8fadac3e072d567fe0	pages.0.bin
history	70	archive-wide	directory	0	0b73706b58400f07754e3fc9ca399701e765c6e44fe14ca2b125a377d5abdad2	directory.0.bin
history	70	archive-wide	pages	0	0b73706b58400f07754e3fc9ca399701e765c6e44fe14ca2b125a377d5abdad2	pages.0.bin
history	71	archive-wide	directory	0	e59efb52cb4aa51eef42103b13201f36fac2fd0ca0f2fddf322e0228c294a0ef	directory.0.bin
history	71	archive-wide	pages	0	e59efb52cb4aa51eef42103b13201f36fac2fd0ca0f2fddf322e0228c294a0ef	pages.0.bin
history	72	archive-wide	directory	0	38180c1132dab1de75b081c7c14664a6e8a7fbd1e6d84ded6c586ff98cb49469	directory.0.bin
history	72	archive-wide	pages	0	38180c1132dab1de75b081c7c14664a6e8a7fbd1e6d84ded6c586ff98cb49469	pages.0.bin
history	73	archive-wide	directory	0	bb9fd8dfcc9f0ee22e90fb25a36bc4769978ff9da3153cc9cec60359390e7da9	directory.0.bin
history	73	archive-wide	pages	0	bb9fd8dfcc9f0ee22e90fb25a36bc4769978ff9da3153cc9cec60359390e7da9	pages.0.bin
history	74	archive-wide	directory	0	7c8e5e809cae7b0fef2b55be6a83e4d74abddf65e0ef5d28b64c82b6abf665fb	directory.0.bin
history	74	archive-wide	pages	0	7c8e5e809cae7b0fef2b55be6a83e4d74abddf65e0ef5d28b64c82b6abf665fb	pages.0.bin
history	75	archive-wide	directory	0	52bb118363c11e056cab048902b0c7433216e1a5e18d2158a81dbec0d53bf426	directory.0.bin
history	75	archive-wide	pages	0	52bb118363c11e056cab048902b0c7433216e1a5e18d2158a81dbec0d53bf426	pages.0.bin
history	76	archive-wide	directory	0	193ef9848aef05ac6743580864750d23cee4ca7d58f28629d72fca82cfa52279	directory.0.bin
history	76	archive-wide	pages	0	193ef9848aef05ac6743580864750d23cee4ca7d58f28629d72fca82cfa52279	pages.0.bin
history	77	archive-wide	directory	0	e93b14594a6df422a4321d987282cd26eb84f078734f742d1b4ff27913b04482	directory.0.bin
history	77	archive-wide	pages	0	e93b14594a6df422a4321d987282cd26eb84f078734f742d1b4ff27913b04482	pages.0.bin
history	78	archive-wide	directory	0	26024b872b6066147853ea96bd9aa190c849af782c24529ac3444ae8c1130e21	directory.0.bin
history	78	archive-wide	pages	0	26024b872b6066147853ea96bd9aa190c849af782c24529ac3444ae8c1130e21	pages.0.bin
history	79	archive-wide	directory	0	98ee9108e9ef2720b4847e8de1ece94f2ef2c53d44074809c8b7111a523c94af	directory.0.bin
history	79	archive-wide	pages	0	98ee9108e9ef2720b4847e8de1ece94f2ef2c53d44074809c8b7111a523c94af	pages.0.bin
history	80	archive-wide	directory	0	742d07ddc620d8867a6b1734e4a7399cc3bddaf818f4baf6e6d4486b5143747a	directory.0.bin
history	80	archive-wide	pages	0	742d07ddc620d8867a6b1734e4a7399cc3bddaf818f4baf6e6d4486b5143747a	pages.0.bin
history	81	archive-wide	directory	0	c3bb4594bfc5072c84add1eec255d2a17aec2d41ad78b3401dbfc49cc3bf058b	directory.0.bin
history	81	archive-wide	pages	0	c3bb4594bfc5072c84add1eec255d2a17aec2d41ad78b3401dbfc49cc3bf058b	pages.0.bin
history	82	recent-4k-8k	directory	0	df0061313a3dddd4fab1d5227f1460feed4124a2cdb83616cba26a3f80646d62	directory.0.bin
history	82	recent-4k-8k	pages	0	df0061313a3dddd4fab1d5227f1460feed4124a2cdb83616cba26a3f80646d62	pages.0.bin
history	83	recent-4k-8k	directory	0	e05f5e54785af4282e82079bddc38005354f1fd11aae7782a8d5a08280b2f8df	directory.0.bin
history	83	recent-4k-8k	pages	0	e05f5e54785af4282e82079bddc38005354f1fd11aae7782a8d5a08280b2f8df	pages.0.bin
history	84	recent-4k-8k	directory	0	da3871eb09fd5856d26245de0acda5793e885fdf0427ceca5298289197d5e8de	directory.0.bin
history	84	recent-4k-8k	pages	0	da3871eb09fd5856d26245de0acda5793e885fdf0427ceca5298289197d5e8de	pages.0.bin
history	85	recent-4k-8k	directory	0	a8534af57d11db052314567f7dd3289b3b30b0ca70b1b4857b1717bd31fa244f	directory.0.bin
history	85	recent-4k-8k	pages	0	a8534af57d11db052314567f7dd3289b3b30b0ca70b1b4857b1717bd31fa244f	pages.0.bin
history	86	recent-4k-8k	directory	0	7f9b6f8605716d285fcc4bcc4630a868fe75e45fbd3f0c0bc9cd940937d8b124	directory.0.bin
history	86	recent-4k-8k	pages	0	7f9b6f8605716d285fcc4bcc4630a868fe75e45fbd3f0c0bc9cd940937d8b124	pages.0.bin
history	87	recent-4k-8k	directory	0	ff12d5aa7f0967a291ba43f911bffba930666f7e7b7a8101d3b92a71ba33cbfb	directory.0.bin
history	87	recent-4k-8k	pages	0	ff12d5aa7f0967a291ba43f911bffba930666f7e7b7a8101d3b92a71ba33cbfb	pages.0.bin
history	88	recent-4k-8k	directory	0	661b71c34bded948f73a9007287e53a5e628e088f7b55665b313fbccce2d5655	directory.0.bin
history	88	recent-4k-8k	pages	0	661b71c34bded948f73a9007287e53a5e628e088f7b55665b313fbccce2d5655	pages.0.bin
history	89	recent-4k-8k	directory	0	5a6a8eacf2d79b9e18c0f290cea3a41a3d66fd35fa050555f8592012eefd1d94	directory.0.bin
history	89	recent-4k-8k	pages	0	5a6a8eacf2d79b9e18c0f290cea3a41a3d66fd35fa050555f8592012eefd1d94	pages.0.bin
txid	0	txid-2k	txdirectory	0	4b2f48cde1503fea0b1ad9076b53e8599f96a9701ccdcfb60bad55c9ac906bc5	directory-0.0.bin
txid	1	txid-2k	txdirectory	0	127df0339070e06685e70e98fea845ee6918c036d91f0f12b7c33191bf7671cb	directory-0.0.bin
txid	2	txid-2k	txdirectory	0	28cea8d901daeb1cc36b47ed3a00f09c41dc99d75e2bedb49ecaab50877dc1e0	directory-0.0.bin
txid	3	txid-2k	txdirectory	0	e8fbf8bc1af9c87aac045ff31ed0626834e6918fb284f1e6c193daa0ba6fd0fc	directory-0.0.bin
txid	4	txid-2k	txdirectory	0	05f88a481ebf0575277cdb7854b809ad5e1724f1adf83febb18555e2da6e479c	directory-0.0.bin
txid	5	txid-2k	txdirectory	0	503da021bc21d783f842b7c560d1e3eda2c53560ae48f6c757b2255e1d81ef08	directory-0.0.bin
txid	6	txid-2k	txdirectory	0	f748e223af9cfa2465136d99a6535ef7dd7a36a294d3d128d47bfe02246340f9	directory-0.0.bin
txid	7	txid-2k	txdirectory	0	91eaf4ce38d17233ce969f81cb069baf1960f11a85c7d96487dd4e3616d0597c	directory-0.0.bin
txid	8	txid-2k	txdirectory	0	1aafdf16018c92a83883a038f6e59cd333519f51feec5d2a3781eb6b6a21a201	directory-0.0.bin
txid	9	txid-2k	txdirectory	0	307035a5ffdb1af4c9c28389d9411d445c1a2c9e3d251fb92cede7e9f0e90fc9	directory-0.0.bin
txid	10	txid-2k	txdirectory	0	f4a7b470f4bd439ef44296176563f4388d0861ea0969028ee0f3d9e0be3162f4	directory-0.0.bin
txid	11	txid-2k	txdirectory	0	3e83d93f6d5b631d11db5c0bfa1c086613e8b25ad9cdd32fd9a0dc60f6fc6c1f	directory-0.0.bin
txid	12	txid-2k	txdirectory	0	0d8e343c6323a378caf5abd590e09449832f7ab62e1adfe69afbb594b549d115	directory-0.0.bin
txid	13	txid-2k	txdirectory	0	723740ce7250930509ce2c94717a640411abcad5c636ca79f40c047be51bbcaf	directory-0.0.bin
txid	14	txid-2k	txdirectory	0	595e869eaa7000e078eff2a72c34ab998c66c6cc26d76ffb0f0986ce12b47ae5	directory-0.0.bin
txid	15	txid-2k	txdirectory	0	83df6b54469c6f593b1e973bf1140a24f1d26c0267b320d0986554a61f13a6a8	directory-0.0.bin
txid	16	txid-2k	txdirectory	0	031d838ee2c598575c21c0ceea473cbc1d81008abe990ffcdfd06eba25567dfb	directory-0.0.bin
txid	17	txid-2k	txdirectory	0	79118f96f56bac1aacd0b3008b68197242892d2d0abfc768c0c6c47a25c31818	directory-0.0.bin
txid	18	txid-2k	txdirectory	0	58a7dcbc8d0fd649d67a3f71b92d90f437ec12d159893fbd6bc2f1f7a74f3f07	directory-0.0.bin
txid	19	txid-2k	txdirectory	0	163e83b09ff5bf5b19c963a98a4db571d7b26caebd41ad94a12bf2b11fa60765	directory-0.0.bin
txid	20	txid-2k	txdirectory	0	1e978a2a71fcd3b9bbf3676068ca69db60609b39885457f88f877cb2ba2b45c2	directory-0.0.bin
txid	21	txid-2k	txdirectory	0	b15cc105705536a77878cf4d8123f182b9e4694bd0fc73a7c020a80aec6d7e1c	directory-0.0.bin
txid	22	txid-2k	txdirectory	0	2ac4e7df18760528ca667bc0a0dd5b6f78154521d85b0cc1f0d9c494d517d34c	directory-0.0.bin
txid	23	txid-2k	txdirectory	0	9ec79ee06808584b054af81ffc1e16ce8e98768e005aefba9bd8e08218fd4b21	directory-0.0.bin
txid	24	txid-2k	txdirectory	0	afa5b7ca5662f0c4dcc4323e645ceb1e7d8522dc8c09d658fda61dbddfb1cf81	directory-0.0.bin
txid	25	txid-2k	txdirectory	0	05216f56272db742e786abd2fb13afac4e529c7aeca11f5379bb120589f2ec8a	directory-0.0.bin
txid	26	txid-2k	txdirectory	0	bcf471ed4ab518239917738df7e35140262e26b6e2a384d9a3487ab8dec30d3e	directory-0.0.bin
txid	27	txid-2k	txdirectory	0	c899ceadb1146095bd39ec602c9091b9264a1e35b2fb12a0dfbcbb6269114d19	directory-0.0.bin
txid	28	txid-2k	txdirectory	0	ee09698654ee735a811ccf7a4e52847e6670e6ae52b2c3265ce372372ca42431	directory-0.0.bin
txid	29	txid-2k	txdirectory	0	679c32338b8771e4a8d9e1ebe5a4b65461ad847285d47af3c2ea485ab768dca1	directory-0.0.bin
txid	30	txid-2k	txdirectory	0	822015c3c72dbebb6e0eb20e5d8bcf38f1daa4b7dfcbaeb73b42dc2b85979dbb	directory-0.0.bin
txid	31	txid-2k	txdirectory	0	53a0c94da670e60e27df1d90e123558006ab231dffb5a0a84810b1ef71f3c693	directory-0.0.bin
txid	32	txid-2k	txdirectory	0	c325c97aeb02df42cfa74eef59ee72c80b99a1d3b5bcfba33cfe06109257edee	directory-0.0.bin
txid	33	txid-2k	txdirectory	0	a7f8a41f9acf1e71e64a6bccada70b46bf66455f68dfd100ba0e48ce6602b797	directory-0.0.bin
txid	34	txid-2k	txdirectory	0	4fffea0feb5ff806830b00e6d3c9127bd5721e5f62eff4a4f58741decc3db72b	directory-0.0.bin
txid	35	txid-2k	txdirectory	0	93d88cf454817ba390162a553966beb20966d93952a1db6b42561c986df64f6c	directory-0.0.bin
txid	36	txid-2k	txdirectory	0	f3c1dd42150cac8c7b09e66e870bffeec255e5bda751e33eff6b8c95e3da559d	directory-0.0.bin
txid	37	txid-2k	txdirectory	0	ffb924fbcbd56ba25405a8e269982b42349ff2e3253667cc6034435afd9e671e	directory-0.0.bin
txid	38	txid-2k	txdirectory	0	22977fc0140a9d2eb1065a575c2cb0001c9980cc3e03b28c705a0c19a12d6ae2	directory-0.0.bin
txid	39	txid-2k	txdirectory	0	9345a91bd2be1193e11a6bffa3d44dcf877536a7187bf012dc74e1a2fde02f34	directory-0.0.bin
txid	40	txid-2k	txdirectory	0	1c20881485b345442b38c8d441486baf03f3c4f8a44fff6ea059af623f7d1ce1	directory-0.0.bin
txid	41	txid-2k	txdirectory	0	72be8179731778cd0ba6fe48299a04a321e4ff3332594b438c93c96568797447	directory-0.0.bin
txid	42	txid-2k	txdirectory	0	825092ab17699d92705c20a4308f1f37134f6c688936dab1207aee36d5237310	directory-0.0.bin
txid	43	txid-2k	txdirectory	0	8fef94d7b1d4b563286e92dcf4d4fc2edc7d5c3d266adc31401a6e2fd157391a	directory-0.0.bin
txid	44	txid-2k	txdirectory	0	4f1337e3f282612664186840f9ff7266ebae8513423bbecd871c5ab69d1f091f	directory-0.0.bin
txid	45	txid-2k	txdirectory	0	3360bc3d2b3b16a5846bd7e09219dc0bc257b03eb274053433a9a6c92c07fcda	directory-0.0.bin
txid	46	txid-2k	txdirectory	0	7b6d2f49037d168deb56d141aaf75df30f9984ffd10de167353a3d1770b09915	directory-0.0.bin
txid	47	txid-2k	txdirectory	0	733de032ede8d2ebfb36eb01e38130362ea57cd85f4cd1dc55fde5668c761569	directory-0.0.bin
txid	48	txid-2k	txdirectory	0	7452003f807276e55ea12aea21ce25831ddd228fb3727e6e3d734bb175fd3f21	directory-0.0.bin
txid	49	txid-2k	txdirectory	0	094c087ae0f4468760fcf38ea3b0b464e70f144dea9327bca36c5ccbf62539ee	directory-0.0.bin
txid	50	txid-2k	txdirectory	0	6a221b018214bc4b595fe29de9c8386c4677f8471aa00cd5b2416b99ab9b83df	directory-0.0.bin
txid	51	txid-2k	txdirectory	0	8713c10e4338fd2a26f0c9aaabe795e6495fe85173b8dcb823999d38028873e2	directory-0.0.bin
txid	52	txid-2k	txdirectory	0	3164b82319ceb07d6969f8ac5d46b3d58d96de32b45aabe4dc26fa64ffdbdd70	directory-0.0.bin
txid	53	txid-2k	txdirectory	0	1c44dc46030eb378602742ea8d441b6dc143be90107ee15616f9e0557ee76979	directory-0.0.bin
txid	54	txid-2k	txdirectory	0	c0b01e49661e786a99d404b7a6faa0577c56dcf1cddad653115a1ca0b626ad96	directory-0.0.bin
txid	55	txid-2k	txdirectory	0	812202b30043f4c88c3f1381a6268ae9414be76d45b7b6f1d5f1b5747bff2576	directory-0.0.bin
txid	56	txid-2k	txdirectory	0	70854260b8c3840234bc4a0cee4cd8022968c9c0660d8f41704c9ee1db2dc415	directory-0.0.bin
txid	57	txid-2k	txdirectory	0	6f4ef1eca9699dd5537e804fba2f01e09350d239df1f39bfdb811162e16519dd	directory-0.0.bin
txid	58	txid-2k	txdirectory	0	bfdaae2ccd61f49106e1bb8a050f63d29d07ae3db8102d1a8c09069bdb466c59	directory-0.0.bin
txid	59	txid-2k	txdirectory	0	a8da7001fa2fd28867aba421b9fb035c94bd619fc73adc1c2385b1a859fa1d78	directory-0.0.bin
txid	60	txid-2k	txdirectory	0	4e7e07e0688b68e45b061c06abcabfe648e51815dcc58c35ddb29af85d51680a	directory-0.0.bin
txid	61	txid-2k	txdirectory	0	7733294885a5db1baa5e3d99c8f4d67263071f15a07e2dbdec0272e3b84aee7f	directory-0.0.bin
txid	62	txid-2k	txdirectory	0	ae3052c4b2f7de66592a7e8cfcd0c6749dad3266e1ee64d14f451c9ae2abe264	directory-0.0.bin
txid	63	txid-2k	txdirectory	0	bad75ef1e8c8ef41c9e6c6958c1369ec3e7f14b7e6f3503730fe7b49e6587e26	directory-0.0.bin
txid	64	txid-2k	txdirectory	0	b0cc812139b0cc432c05b35b88b45ac0a91577f16a0e85c11a609a0a00b23f57	directory-0.0.bin
txid	65	txid-2k	txdirectory	0	a21fe98315c8dd9600c702f143f26aca1ef5d9af3039db4c775dc1013f052c61	directory-0.0.bin
txid	66	txid-2k	txdirectory	0	4da8144e55cfa25b7e3e8e6bc9cfc010a5bad8de4b5fc3b890a4390760ab6543	directory-0.0.bin
txid	67	txid-2k	txdirectory	0	34523b6d031c0665cd451cefdaf80a563b9eb355ff9b4f4ba8466e13f67cb248	directory-0.0.bin
txid	68	txid-2k	txdirectory	0	e86ad02adf60a62f208e62993a53d272aea340025108826bc0306fdc979be1b3	directory-0.0.bin
txid	69	txid-2k	txdirectory	0	3b5034845b31465905c4f11a2b99d5ff38eae1b2fa3a06529046cdbc040fc7b2	directory-0.0.bin
txid	70	txid-2k	txdirectory	0	404b0f1650b0c0a289dbbaae54b7fb5327a6d6ebb2711e8be9a6a57f103ff742	directory-0.0.bin
txid	71	txid-2k	txdirectory	0	957d17a6b41921cce9cfd182b7abeb8e92570099a3c021ae8e2f91ca21892e88	directory-0.0.bin
txid	72	txid-2k	txdirectory	0	e2c0c72cf7a6cdacfa4f085528b6d6ebebd03bd23fcc1d04cc0573de30936e1a	directory-0.0.bin
txid	73	txid-2k	txdirectory	0	ccfae982cdc126507d9ecc9c1943c49c24b0f52c636ff7a9ff18c54b43477d8b	directory-0.0.bin
txid	74	txid-2k	txdirectory	0	969a19c2fbf43defb24ab4ea7a71a560b76094d9bb2c18ad8258dadecaf5a083	directory-0.0.bin
txid	75	txid-2k	txdirectory	0	71da6299c2cc63069058fb607d151bb8583676294864ce843985acdbf8eb74c7	directory-0.0.bin
txid	76	txid-2k	txdirectory	0	e0c93ec113cd567e6643ea0d404f7a3c2d610204f016599c79c0c21cc1d05d0f	directory-0.0.bin
txid	77	txid-2k	txdirectory	0	ad68f2ed326ba5ffc4552dbb0d83914476584fd48d339e0859b7cc889134b694	directory-0.0.bin
txid	78	txid-2k	txdirectory	0	84cda138f398777f1509c19f07db7318da9a7cbda4227bf0b00f7655ebcb7523	directory-0.0.bin
txid	79	txid-2k	txdirectory	0	25fd497c263f07f7f2ceac6c5787d7d18b12ccbf1a36ac4470574b97151f9293	directory-0.0.bin
txid	80	txid-2k	txdirectory	0	41a955ed2ea2ff4f83ce971cb04d67db2c75f87c2fc6c0441bc90ed01afc0e49	directory-0.0.bin
txid	81	txid-2k	txdirectory	0	74358d4cdbb0f5f5be8c4d8514161232c779abf0ce7289c3e989d1503a3fb71a	directory-0.0.bin
txid	82	txid-2k	txdirectory	0	df346ceef59cd4743a557577e875ea75d5546a7732424a3bcb92110c09f621bf	directory-0.0.bin
txid	83	txid-2k	txdirectory	0	928c675896a49b360d033d6eb67656028a0b5df97a196cde998e7bf5654984e6	directory-0.0.bin
txid	84	txid-2k	txdirectory	0	387ec0af23c16a6fc17086eb6c9ff23c7bb33c7ae46d0effebd1d4ab951f12fc	directory-0.0.bin
txid	85	txid-2k	txdirectory	0	b307a06049b147c09dc69ef76f8a3e2d3f4ee6ec8de6896a75e541e12d92641c	directory-0.0.bin
txid	86	txid-2k	txdirectory	0	fe8e7ee44f6565b27a8c4111a49c218fc324b159e3c8d02ba90ec2730817a404	directory-0.0.bin
txid	87	txid-2k	txdirectory	0	7f20860f9ed6b51cf20172d2528614aab697cf8994b855fa6d7b2657ff2df87a	directory-0.0.bin
txid	88	txid-2k	txdirectory	0	9aee9481d632be6649c8e5015bdf288c4f1be6f86f29cabd9a7bb2cc4ed27fca	directory-0.0.bin
txid	89	txid-2k	txdirectory	0	28a9d42de264173c56cfb9bf429f63b491ba20171b7a5c979c7c149a1e362c34	directory-0.0.bin
txid	90	txid-2k	txdirectory	0	e72a3a8b1d6e195e251a3b37f1178207558623470a0d8e435e39cec0fa9c091b	directory-0.0.bin
txid	91	txid-2k	txdirectory	0	d4c01876de26f596378036b90d6159819d6617e65a88dbef75fe2215e85207cb	directory-0.0.bin
txid	92	txid-2k	txdirectory	0	a57e4c3fd807fcaa16e88f7b4b6c2b2845651f42e050b0db87d0a9676e41bd44	directory-0.0.bin
txid	93	txid-2k	txdirectory	0	d94711ff2b4a80ee5b20920e0d49fdb25ef12136e6b4d2680242dd1d893868df	directory-0.0.bin
txid	94	txid-2k	txdirectory	0	5be96fd6b170f38010321bbc8e253da87f606b4ffd7b0f68e1e6d209a23bced1	directory-0.0.bin
txid	95	txid-2k	txdirectory	0	2620ee09a41e8f3403d8f6cc1199c25dd53e20909d61cdb3f18ad5115aed59fc	directory-0.0.bin
txid	96	txid-2k	txdirectory	0	e0135c4e03c3f7c27dc88ec2c52183a2a9f24adea85fc900cbb87b6ef8a3ce77	directory-0.0.bin
txid	97	txid-2k	txdirectory	0	19d6ce133656396f4632e954db218d4621226dd6b4ec97fe078c98f5f961e931	directory-0.0.bin
txid	98	txid-2k	txdirectory	0	74e49a702c464ea33925fd1d7e210a78005f3c2c888695e8ee22bcaa58dafe9e	directory-0.0.bin
txid	99	txid-2k	txdirectory	0	1209c1b4df836dab6dcdb1bfffa817972246bde5966cb6bf08bccf42bb5ecd04	directory-0.0.bin
txid	100	txid-2k	txdirectory	0	333fb43c018a289c6396133c03a6406a0b8beb1b96f2e12ab535dd9bf2f259a5	directory-0.0.bin
txid	101	txid-2k	txdirectory	0	496521e4d5728cab1786d49da725451ab1f037e7b9bb71c7b817a810356e7426	directory-0.0.bin
txid	102	txid-2k	txdirectory	0	6835145213dcfd73c9cc9be6a2a35b63edf7f5d92b6a5f093582fea44c2d1c05	directory-0.0.bin
txid	103	txid-2k	txdirectory	0	cd72fead5c81b2fd1b34bdbc5ce546dcfaa5970b2f53780de41707490d62e5e7	directory-0.0.bin
txid	104	txid-2k	txdirectory	0	ec9f5501164be3ca6e41f367c8dae2cb76ee5f65a1495974cba39f1fe40f7a5f	directory-0.0.bin
txid	105	txid-2k	txdirectory	0	3b45f32620e2de0496914e720ef71f706e31435f5b1ab2deb226c195aa2a9274	directory-0.0.bin
txid	106	txid-2k	txdirectory	0	d0d322f4f1feaf2db745be5bd7b08fbd405056fae11371da7488f774c0412d5d	directory-0.0.bin
txid	107	txid-2k	txdirectory	0	f05a8fb616246c78ad42dcc5bcdb97d117a904e6f9983218ddac28b3cd9f471a	directory-0.0.bin
txid	108	txid-2k	txdirectory	0	4c559025fe3bc7ee199cd73d035b19e1de44d2debd4a025c41334f6a75375315	directory-0.0.bin
txid	109	txid-2k	txdirectory	0	9b6b19a6f00d6ddae77297444dfdc491dbbf6abc88d7d7a42e1593cafc3e333f	directory-0.0.bin
txid	110	txid-2k	txdirectory	0	84e5df51cd0c2f00421c6dd587fa6b60d86c4ad44ba82bc92d609adf860c5e70	directory-0.0.bin
txid	111	txid-2k	txdirectory	0	1673dbf9a544412b56461ba2053f30873543f38ae9e91382493d799b4afd70b7	directory-0.0.bin
txid	112	txid-2k	txdirectory	0	8c619f1e5b5b2d61709b402284191e6fcd2a0e6fc4fb069f7835aa8f4ae892d8	directory-0.0.bin
txid	113	txid-2k	txdirectory	0	67decb251cd0226d676b471d1a07c387335c45b8e602d9b207141d1943ec9414	directory-0.0.bin
txid	114	txid-2k	txdirectory	0	c1b180840ea86061087702afc838454a0c8e3174d6a31d2a3b01e43198df5676	directory-0.0.bin
txid	115	txid-2k	txdirectory	0	a3e85a38af530be151ce56929302ed43fb6475e467fe4b60bb4653c97263f948	directory-0.0.bin
txid	116	txid-2k	txdirectory	0	f6aef062f472b58361ae5ef4d2164e991b5cb77ed5b61e1c626b07b9b4b40a22	directory-0.0.bin
txid	117	txid-2k	txdirectory	0	8d832002398b0bc09708c662c8b1df180641c8793f379296de9b0326cb43d10a	directory-0.0.bin
txid	118	txid-2k	txdirectory	0	01461f487eefa9f39a7e905e7b9cbe28f8c73a78ac82df2f5c6ebdb8371a74a0	directory-0.0.bin
txid	119	txid-2k	txdirectory	0	1626d13106919d70b2e1c7706fab5341d7751c0e761bbdbb2c152b7aed1367ec	directory-0.0.bin
txid	120	txid-2k	txdirectory	0	35f3e335153a3dcd567181d60ab96435ea24288cefc07e6d166063460f9f0ac0	directory-0.0.bin
txid	121	txid-2k	txdirectory	0	58a827a83898dd00a9c631f28812ebc73695e12f12c9a52945b9839dbde44496	directory-0.0.bin
txid	122	txid-2k	txdirectory	0	0e2ed3dea6768e47bcb7ca9a1e163f006393b45bae35dfd3f809259701619ac6	directory-0.0.bin
txid	123	txid-2k	txdirectory	0	1ab1f7ba667a1e5b127d9e341ac7998ff96306f9708f9dc80dfd233f3f12f4c6	directory-0.0.bin
txid	124	txid-2k	txdirectory	0	3e454252f2fd46256c9ef40932dff854b42f30a79fad98c6ad88316362baf09d	directory-0.0.bin
txid	125	txid-2k	txdirectory	0	283a66d124d0dd0b8d9cbd4399d76802ac2e07394efc3c1688ff757e5a028803	directory-0.0.bin
txid	126	txid-2k	txdirectory	0	568a4eb0c49af33bd7a42eae5f520393f330f2290b0bc373b14a625387e5849a	directory-0.0.bin
txid	127	txid-2k	txdirectory	0	e59b0c3b162f549a88eca2bde87aed7d57aab0c7a1133fa7345b1fc501cbb229	directory-0.0.bin
txid	128	txid-2k	txdirectory	0	92c427b3ee50e6605b741ef416b6dded96b244f6711b799a61d4e96dae110da1	directory-0.0.bin
txid	129	txid-2k	txdirectory	0	7dce12e5d210a312a26e13a097f43116bce91881502db5d48065e626b1e59261	directory-0.0.bin
txid	130	txid-2k	txdirectory	0	c591e6c9c816e4c3ef7fab1c5983dc48feea239c88f0e7e10e0b775e549a495a	directory-0.0.bin
txid	131	txid-2k	txdirectory	0	045a695d13a0a80ae76ed75536b5de4872f71604bbbc3a59472a810113189e0c	directory-0.0.bin
txid	132	txid-2k	txdirectory	0	25e51cd8a347624c81daac32d91ff98c0f7f75a7e7460a15f46f7341fabf7641	directory-0.0.bin
txid	133	txid-2k	txdirectory	0	cb7abaae59c3f5f1d3de42abfe94a48601a51e8d895ccde239e42d7a15daa43a	directory-0.0.bin
txid	134	txid-2k	txdirectory	0	f3e98a79d4c4b7f4cb085a3ae8256e0f20974132a379729a15d8fcc0bf4482b2	directory-0.0.bin
txid	135	txid-2k	txdirectory	0	4245ff1c4714944ebbcb5aa9a548b382e1571071c932cbbbab73827bd3e9824e	directory-0.0.bin
txid	136	txid-2k	txdirectory	0	07c01887b3b6e3950730e8a0d150dd5c3a0d290d40ef003b1c942185d26a4beb	directory-0.0.bin
txid	137	txid-2k	txdirectory	0	c850bd9dfe7ad613d7f7bbc66dd28de8c4d9a30b320f13e480f49ab051a47d1b	directory-0.0.bin
txid	138	txid-2k	txdirectory	0	60d6a40ebd30b4e834bff1bc91e8783cd633c539cf2e9a1ba17b7ed5868df8e6	directory-0.0.bin
txid	139	txid-2k	txdirectory	0	a2a5a80bfa6d301de88a23ccb3ed0e408235de7d5a37844b4f8b9efa03be72e4	directory-0.0.bin
txid	140	txid-2k	txdirectory	0	940d46533f9106bf93f84f1a22aa39f6c26889b5e975cf15293fd9e308655111	directory-0.0.bin
txid	141	txid-2k	txdirectory	0	18156231f51accf30e3b2f7ce147b77832062568a36ac1c181f827bb6d3f8bda	directory-0.0.bin
txid	142	txid-2k	txdirectory	0	e0ab92c17be3611747e10674230ecdd38628301373c0e9602f004c3e33941f50	directory-0.0.bin
txid	143	txid-2k	txdirectory	0	df701ed3bfa4f26fb2767894f203fa93756ac166a22ff2a02b50acf1a289d2da	directory-0.0.bin
txid	144	txid-2k	txdirectory	0	57b6acc4f3cfa05f9f065bb93997ea393dab658fe9b649641c3bf1830e99c7db	directory-0.0.bin
txid	145	txid-2k	txdirectory	0	14279ef48c3f040911635ad16726ee0197a7a25c21642fe6052e0433a44a446d	directory-0.0.bin
txid	146	txid-2k	txdirectory	0	e0de706c93b29796fa7411473b75fed952426756f7f4b5c625a761049abf3662	directory-0.0.bin
txid	147	txid-2k	txdirectory	0	1f139b19eeee8dee9a8a12eefbde9825876aabc6a66d115f64cc1ab4c1181b96	directory-0.0.bin
txid	148	txid-2k	txdirectory	0	96476a5385e0593dc9e67b794cb365ced8a1fba7e091f60b36cc20c7c260832f	directory-0.0.bin
txid	149	txid-2k	txdirectory	0	1a9bda8e3a226dfdd50b35f2525341beafd154e12090172503035bea3936c9be	directory-0.0.bin
txid	150	txid-2k	txdirectory	0	30901823509fe7d311d7f009164edeb4daf01b6da3b6ae3c9a4191e6383455cc	directory-0.0.bin
txid	151	txid-2k	txdirectory	0	7876ffb13ea8dd9bc952548ab7180d34875b650c8987a2bb48232ecb835440b9	directory-0.0.bin
txid	152	txid-2k	txdirectory	0	f9cedcd366fd29e83d65cd547b3186a60c8a61aa3c64d0733a35d5489f0b84b7	directory-0.0.bin
txid	153	txid-2k	txdirectory	0	55b09514f06e29ff543e07955cc510fa22b0c34bf3405d7a4fa77226559c3c73	directory-0.0.bin
txid	154	txid-2k	txdirectory	0	6ce5043d08dd879925a47dc5aaa9d8545e50618684ea77a01a28f7e7883baef1	directory-0.0.bin
txid	155	txid-2k	txdirectory	0	36cf7b75d57b2d29d871315654f372a61b93b32028ac549832c1b997d37cbb82	directory-0.0.bin
txid	156	txid-2k	txdirectory	0	949864b5d1cf22472730af0ce497f0e74db5bee144200f1969a9a3d78d0314e9	directory-0.0.bin
txid	157	txid-2k	txdirectory	0	beaa696cf42f4e4363f853a138ea9bc2629d482704f876f950361070f3bf43bd	directory-0.0.bin
txid	158	txid-2k	txdirectory	0	c40d1d5845e325865347b86078d983eff509d0147f82cc30d1ca249238b91071	directory-0.0.bin
txid	159	txid-2k	txdirectory	0	4aaeacddae9845e0a5fade62608b3194dd25ec08b244e41f96b76b192ca5cfce	directory-0.0.bin
txid	160	txid-2k	txdirectory	0	b0ecb2955365f45a2b2bb950bdd1c70dcad34ababd629c26582123332843ed39	directory-0.0.bin
txid	161	txid-2k	txdirectory	0	518c62ec33f521c714146298cfd733014267691da80b9579b322a7bf2260bcb7	directory-0.0.bin
txid	162	txid-2k	txdirectory	0	18efac5ac6a6063fa8eaa1eb02adef70b6ef5e4c42d2c93edc3272a2ce3b838e	directory-0.0.bin
txid	163	txid-2k	txdirectory	0	fea28527dfdae37efefbf1c94a96fa3991930af22df1d6a6b23e457e342033d0	directory-0.0.bin
txid	164	txid-2k	txdirectory	0	7d5a816d49efd72163f3ec68535aa5571fddcac73bc78746a1cae71b8e508992	directory-0.0.bin
txid	165	txid-2k	txdirectory	0	0303ae08a1bbb0d2e566d1845aaadc295fce364eeb3b50c87e1a6615b0e8c190	directory-0.0.bin
txid	166	txid-2k	txdirectory	0	d4e7f49092199165d9a6a21c3ec8d6cb3e052308bea062cd78c5d29dd91d9503	directory-0.0.bin
txid	167	txid-2k	txdirectory	0	6c9c0d2937bfdca8b16502d50da6c172a6d15865d4cef4f91a82953efb5f99e2	directory-0.0.bin
txid	168	txid-2k	txdirectory	0	3504eeadc493b5730c6969c5e8049b7002795dd3fa211300ccfa2c3f1fc0cad0	directory-0.0.bin
txid	169	txid-2k	txdirectory	0	40cf5021ce3e10e511999030bc2cffdac4ada37ebe507e370c04353297ae02c3	directory-0.0.bin
txid	170	txid-2k	txdirectory	0	c8ba6912bf867ab1bdbd209595e79bdf373070dda2c03be88586799c5db4271f	directory-0.0.bin
txid	171	txid-2k	txdirectory	0	4245c2e049515839f5b6fe1cecdb7064673d67962c2fd445cc400e0636dcd20c	directory-0.0.bin
txid	172	txid-2k	txdirectory	0	99998e9e43f9a832a525fec91550c11a3666dd22a7569606219c376dfab0761c	directory-0.0.bin
txid	173	txid-2k	txdirectory	0	92b7e045aba9446ce6d4b2a7ed29a51fcf8dabb036f371673387de2be2f0701c	directory-0.0.bin
txid	174	txid-2k	txdirectory	0	0f2340133faf243bdb9491696a026367b4bdcae48962eee49bfd2a27ee5d0c13	directory-0.0.bin
txid	175	txid-2k	txdirectory	0	be44dd7fd3d2a71685f706c72c6887e55ddbe412d85cae52127bc3f333006303	directory-0.0.bin
txid	176	txid-2k	txdirectory	0	f01bf556f401cb8876b33f6a7c9c785bff37f23ae4a6d3aac71f0decd1ba7f93	directory-0.0.bin
txid	177	txid-2k	txdirectory	0	cf99de7e3a1ab61888e12d2b736bee1ee1bc03f75ba74039d821a621b18aa5ed	directory-0.0.bin
txid	178	txid-2k	txdirectory	0	c3b075856a9b577ffbcf7ee5dd4d5b2c268c1f5bcec197aa394659a5bf7a35d5	directory-0.0.bin
txid	179	txid-2k	txdirectory	0	227dba51cea7395a0109472cb2c6fd75237e528ab9524ffe6b6185ffd80c13f8	directory-0.0.bin
txid	180	txid-2k	txdirectory	0	eb935d6125fb28162ad5e44b9e0cd4b6b31d8854b3a2a349225a0bdc7e438baf	directory-0.0.bin
txid	181	txid-2k	txdirectory	0	631af2573eab7f6948171ae760145da9a97d29b02c3b1e1f83d297a2431102ad	directory-0.0.bin
txid	182	txid-2k	txdirectory	0	d55b83f0e6dfdfb8ee3653cf82f6e8375dc832c9f62bdeaec5573bd93aec50e9	directory-0.0.bin
txid	183	txid-2k	txdirectory	0	c90d8a115ccc70509b1be1521f769e083d5d3edbe92223d50c602678d9311a20	directory-0.0.bin
txid	184	txid-2k	txdirectory	0	3cefd8eccccd01a899c5b1bd70805bf14510c8a0604116bd4753787e6f69aea6	directory-0.0.bin
txid	185	txid-2k	txdirectory	0	6f500a5afdb62c66c723d86d59daa86c8a09b5c09e5b9eeae6da952b50f1fafd	directory-0.0.bin
txid	186	txid-2k	txdirectory	0	8ab25e135facecccbb5ba22725479bebb0e21e4b1049ee236fa555143ad38d35	directory-0.0.bin
txid	187	txid-2k	txdirectory	0	e47626d0e3b9330b12a26ce42ff41805697a76f34e6fe8283f67e9fc270199b5	directory-0.0.bin
txid	188	txid-2k	txdirectory	0	41794a0304aafdd3a8239c534292a469efaa4096d1a55f4740f2e1eeb8991a47	directory-0.0.bin
txid	189	txid-2k	txdirectory	0	2aace9cbd7e194be2e2606f4b163a9662b09206be720d6bff643004ba8ccbd90	directory-0.0.bin
txid	190	txid-2k	txdirectory	0	215770e12d1815b48aef107378c1fa1a2508d76498dd63a87bd60cefe492069e	directory-0.0.bin
txid	191	txid-2k	txdirectory	0	ef98b32e49089b88be5edf25a8d7be7d4735a0e69a981644714c1b4138077ce6	directory-0.0.bin
txid	192	txid-2k	txdirectory	0	ae2f7f3836285b2fb299526260c89ababc6f2f3a748b372fc31640065149a901	directory-0.0.bin
txid	193	txid-2k	txdirectory	0	b3a0053487e575f2a3fad5970a3bb2ba6f8d138b375f769010f7bf2385fdad0f	directory-0.0.bin
txid	194	txid-2k	txdirectory	0	868aa1218a1fe2c27c7ed8a4a8963215391a6ed028d7baae862b56ad5217669c	directory-0.0.bin
txid	195	txid-2k	txdirectory	0	b3440cf987e37b7452c4f9a81346d118475ec6654cb09401ddde8e53eaf670c2	directory-0.0.bin
txid	196	txid-2k	txdirectory	0	a8aaceb8af7929d89e5347e810949c70f750062b66707cc94551dd5f40b16df8	directory-0.0.bin
txid	197	txid-2k	txdirectory	0	d57c866347a8f86be498d1e3e9cf9bd25b0d5d83689eb9e23b4c042a8a994434	directory-0.0.bin
txid	198	txid-2k	txdirectory	0	5c9abb4b09841f66c19dea256af1c31c35224f75c270a7cb3e5d0884f3a0e27e	directory-0.0.bin
txid	199	txid-2k	txdirectory	0	e3ec0e1201a2b0c06aa3fe2cb014823b6b5d72e49290a6d5b2a81c8c43fea853	directory-0.0.bin
txid	200	txid-2k	txdirectory	0	2d3521921c3aac3a95f249a0340c7dcf5ec61c2803070dbd310bf6d822aeb4b5	directory-0.0.bin
txid	201	txid-2k	txdirectory	0	add350b4b36f271d851262290edce6af7777e2236713fd2686a9d72ab4158ba6	directory-0.0.bin
txid	202	txid-2k	txdirectory	0	76c14b78c046d3591c3b26604f94e4a1d0aa693b902fb527f243a20a05d5b019	directory-0.0.bin
txid	203	txid-2k	txdirectory	0	b07fd7ed07e4b8aee2b79fa18c9426c93330a516ef3920383dfe114406e29bc7	directory-0.0.bin
txid	204	txid-2k	txdirectory	0	2519e8b5a435d4a5940565152aef8639c4d0be047cbd1a2d980986af43290319	directory-0.0.bin
txid	205	txid-2k	txdirectory	0	c7979c577b72d81cab18994993d6204be2e5f64a8f1e16cb217ae1095fdde73a	directory-0.0.bin
txid	206	txid-2k	txdirectory	0	35fd554d81675fa35b651a4222c3662072a5b60504da3daef63c0e1d04dff230	directory-0.0.bin
txid	207	txid-2k	txdirectory	0	9a700f8490c6688fd73a2240e1fdaa94b3b21890a8ff3480eac87c45c5d88de9	directory-0.0.bin
txid	208	txid-2k	txdirectory	0	d84df26e0181b33a982463c6686845378abc0b8b931fb46f766f487b9dd219c4	directory-0.0.bin
txid	209	txid-2k	txdirectory	0	ee0313d4fd6191b3aa9a427d5b299ecef0d7beac3b6ddb196eefe249fe9088dd	directory-0.0.bin
txid	210	txid-2k	txdirectory	0	dbc618e0219e4612236d87158ca07e936d6bb9e8211efd255b377e40453bfb68	directory-0.0.bin
txid	211	txid-2k	txdirectory	0	586139dba33a175f5141b661ba6282e8bb52bdad941cdfd035fbc10b02a99e76	directory-0.0.bin
txid	212	txid-2k	txdirectory	0	0e54cf5f30c4450537a22d3e420246b6471c8164257e7d3829d7de7bf9dafbfd	directory-0.0.bin
txid	213	txid-2k	txdirectory	0	941e60ac7522525d883a0f8eb92d27ead89219fa3023f8d9f6bd4b0f2624f726	directory-0.0.bin
txid	214	txid-2k	txdirectory	0	31349da161544fc95de71f360103211adb102d82903179120091c6314a91d3c9	directory-0.0.bin
txid	215	txid-2k	txdirectory	0	d96d9c771b9d1921af7d1fe3980060d9ab85290ca61fbb71789a2f486aa481cf	directory-0.0.bin
txid	216	txid-2k	txdirectory	0	642ddcd22424a7e17da818a57a3fd12429b9c78c70af74bdaaaf2d155d5a7645	directory-0.0.bin
txid	217	txid-2k	txdirectory	0	820e1e4d6d3f18d07a4296bdb83a9b88e7a92da1963314f4878fd1dab7622af7	directory-0.0.bin
txid	218	txid-2k	txdirectory	0	79c4db645c30d00bd525349cfeb8d61028cf7c7dcab9cae28f888b6d05fb71b2	directory-0.0.bin
txid	219	txid-2k	txdirectory	0	7ce68d05e6a74e2786a50f062173644c4811ca7cdd0609b3c4f8e24de56a0e53	directory-0.0.bin
txid	220	txid-2k	txdirectory	0	92576bdb9648093bc9750f10e82c45a85517961746128e10b00bd8ee855a00f8	directory-0.0.bin
txid	221	txid-2k	txdirectory	0	67fc1e4808c98f9cb75f838758f1427b3eb3e479341e06479126558aea378378	directory-0.0.bin
txid	222	txid-2k	txdirectory	0	de11df66cdc52ed066338c89a94f4316b8cd46457c7b87b326bdf41ab36e66aa	directory-0.0.bin
txid	223	txid-2k	txdirectory	0	760626c63f775af8f79c1333ff7cf7466c889099e5f6dd8faebba99d50d99b26	directory-0.0.bin
txid	224	txid-2k	txdirectory	0	2f98a4ce03fd337119b358b1241446bff27249f82b52a1b27a130a3355b0f080	directory-0.0.bin
txid	225	txid-2k	txdirectory	0	76bb1fd3e6c74c225155b5d2facd6b710cbec61bf801ab6d48057c912a194379	directory-0.0.bin
txid	226	txid-2k	txdirectory	0	cb572360464629cd63106a3d80e10354502c5d30fdee937be74041c799f08f76	directory-0.0.bin
txid	227	txid-2k	txdirectory	0	35a218ae1aa4e753b0a460d4f06d0dafa5fec4be922dca4b37921bf77bac4e7e	directory-0.0.bin
txid	228	txid-2k	txdirectory	0	c1178e9b65bf7e6ce037c06a27d1344e9ce4f8bea543dba7dbe7b79da2edcc80	directory-0.0.bin
txid	229	txid-2k	txdirectory	0	2abfc260fdcc4e0898e3319f13cc2cc077f34cd3ccfd0a399944fa0afd863f63	directory-0.0.bin
txid	230	txid-2k	txdirectory	0	cc866703fc3a8d288049931b067781055e9a55bfe4de7f45a71ed7eb47db1d5c	directory-0.0.bin
txid	231	txid-2k	txdirectory	0	013e0fe10936c85d8af892d6fb18dd4f46615e9386da1ced1cd73fec5dae6a57	directory-0.0.bin
txid	232	txid-2k	txdirectory	0	3e5e71ff36b07e717cc5bd662b0e869b7ef3e67184b42b72077d7449ef4538e1	directory-0.0.bin
txid	233	txid-2k	txdirectory	0	364cfdf7292f218caa77ee410d74fe31ebbcccfe4878849f339d40b0c2c57e07	directory-0.0.bin
txid	234	txid-2k	txdirectory	0	3584d6b2d212065a375c248545aa69652ab5cfaf72147a2b3fb5449e87fb5129	directory-0.0.bin
txid	235	txid-2k	txdirectory	0	1d123f7bc3382aa9b46d5428e12aec35737ebb1e328ed912e9ba063f67cf709c	directory-0.0.bin
txid	236	txid-2k	txdirectory	0	504c27e4282f5c3903e2a8eed8f58069b93f724ca030148f6e529c60d07589dc	directory-0.0.bin
txid	237	txid-2k	txdirectory	0	eda2be590b0fb6646e3b0aaaaa081365c9e2ec6dab605586f491b0a878e3e878	directory-0.0.bin
txid	238	txid-2k	txdirectory	0	24d9803a313dacf7466290f779b254cee2d49a435c982ce00e607003551f36f7	directory-0.0.bin
txid	239	txid-2k	txdirectory	0	5b3d4c04a3064b75d0444becaf2af23056d80ea2d51ecc82ce037a75fa986554	directory-0.0.bin
txid	240	txid-2k	txdirectory	0	2aa2947f54346d0cde5d5c20bca255ff8f4629cc8824ab45536886014fa093f1	directory-0.0.bin
txid	241	txid-2k	txdirectory	0	b13b20fb19b7f577384ba7132886559d0a07c41ce40a9a1390090e6994e4b6ac	directory-0.0.bin
txid	242	txid-2k	txdirectory	0	2e0a566e0e286719959a4ae34a97c51d8732011c1897ffe9e5d1ce4d5e68cb20	directory-0.0.bin
txid	243	txid-2k	txdirectory	0	dc91377e731329a489e5652f1a0dcf070ddf0f70dd4063e11e37e7cff923bcc0	directory-0.0.bin
txid	244	txid-2k	txdirectory	0	20b4c7629ea83985e920ced0e15adfdb6f66e03ece1e2da039e92efcfac39c53	directory-0.0.bin
txid	245	txid-2k	txdirectory	0	356169415df76ce836f853d6da2e8673b961c6f09916074c509d39ab4b19125e	directory-0.0.bin
txid	246	txid-2k	txdirectory	0	033b87e3c919a1c42fad1ed30e1a3b0761ba029930be1ab475a3cb5d45cef648	directory-0.0.bin
txid	247	txid-2k	txdirectory	0	587fae25f3918891db8e0594fe764ad37e285cc703a67c1e954fa89b45f24c58	directory-0.0.bin
txid	248	txid-2k	txdirectory	0	48f95dbf9c36615430d88178be0bd4ca0066da6767a6677658141aef2b1d3cb6	directory-0.0.bin
txid	249	txid-2k	txdirectory	0	bac7084f5109d1aa581291945df172b9613d13c00958be4d47608bdd97efa804	directory-0.0.bin
txid	250	txid-2k	txdirectory	0	d6d320de9c644fd54428d130c37cb1a3ac628f729f84fe4980d6804d8044dab3	directory-0.0.bin
txid	251	txid-2k	txdirectory	0	2871364b0b5efb8dd1e555ece22decdda5a2045b6d4f78879eca13319606abf4	directory-0.0.bin
txid	252	txid-2k	txdirectory	0	6c998e0897e329f7dacbdb32000412f66a24986828d6202a59c1272829dac2ee	directory-0.0.bin
txid	253	txid-2k	txdirectory	0	388cf2535c4f48841c56aa943f75d2b8c42f2b66ff1df0198c04e0524d42f15c	directory-0.0.bin
txid	254	txid-2k	txdirectory	0	af5eaa194ad1aa74d8715721fa5018aa16a70d2b5545c95dea6733fc574dd8c3	directory-0.0.bin
txid	255	txid-2k	txdirectory	0	a1fa44cfec4b450d402464c2306dcd15a15ecc1120306fdb79f383c51ba793b8	directory-0.0.bin
txid	256	txid-2k	txdirectory	0	c61723414c1226e8d2a80394f71544db09ecac9a20c26baf1996248e57f089cb	directory-0.0.bin
txid	257	txid-2k	txdirectory	0	c449a5d419af852e4e1598fe732f8fc313513cbff4c421337a95fddc157313fa	directory-0.0.bin
txid	258	txid-2k	txdirectory	0	5e2bff600fd798bff3bd01065da203b10fc08a1667dc1ee7de6a4cbbc618b441	directory-0.0.bin
txid	259	txid-2k	txdirectory	0	4f82a21b3ddb1b8a92ae19c744853d491655e546faa52af375598b1e29471851	directory-0.0.bin
txid	260	txid-2k	txdirectory	0	4af0acc31cf5cb54703c4392b7de53df77d10f652b7caac110ce51d5c0a82f5d	directory-0.0.bin
txid	261	txid-2k	txdirectory	0	95676704e98b0649f4e3a8d00ece783cac873bd9cb5cbc62173e9e37d34242cc	directory-0.0.bin
txid	262	txid-2k	txdirectory	0	d5fc8c810bea656885f240e7a902181f50e955ebacb69f813b232f187d96595e	directory-0.0.bin
txid	263	txid-2k	txdirectory	0	232006e9207c9db55ff9fc8eec5043e66a8ea16923f12748d5915d988300d8a8	directory-0.0.bin
txid	264	txid-2k	txdirectory	0	913323c4717cc706f75da0b43e7334ad56ee932174d498af249cba1603f25617	directory-0.0.bin
txid	265	txid-2k	txdirectory	0	d9e78dcc6f1e9b56e09b0bdb6f19cfea851a3f8c74a1219ff32fea8f5c42e74e	directory-0.0.bin
txid	266	txid-2k	txdirectory	0	64f78fdbfad439579bb53830cf85439a3ae6e6fa4bd836b38be74852396f4f2a	directory-0.0.bin
txid	267	txid-2k	txdirectory	0	6079b44410146f3bbbb216bfef41e068c7c1e6f7abbf83e1c92802338cf45581	directory-0.0.bin
txid	268	txid-2k	txdirectory	0	0bcba1fbddc9317d877f21d10bcaf6c1f6069235e8477e7b437b0362e963bc75	directory-0.0.bin
txid	269	txid-2k	txdirectory	0	386064fd5c4525b67be8c53653942749a15f971043b8a62f6559d29af224ffb4	directory-0.0.bin
txid	270	txid-2k	txdirectory	0	dc8a8e0010541a5582e00f60b702838f525407d75068a9ba09be7ff7730bd33f	directory-0.0.bin
txid	271	txid-2k	txdirectory	0	2cb5739a96f53b753e294cf2ad5bc32e0b69d79a76688bc5cc753b0947c954cf	directory-0.0.bin
txid	272	txid-2k	txdirectory	0	efcf346a300ff4f24322173064b74b389829ac6e4947bf8dfb431408e26af9ee	directory-0.0.bin
txid	273	txid-2k	txdirectory	0	272fa5a20b5dcf559855a81f4a422fd4799ea72c493843031f81d34e0ceffd80	directory-0.0.bin
txid	274	txid-2k	txdirectory	0	a4018183ce3c8d6f81b2c6daad1d10e67eef1063494e1f36eac9696fb5023066	directory-0.0.bin
txid	275	txid-2k	txdirectory	0	6ce2b347b71e9d3a12524b781e1cd6bfd2c97ed8e51b407ccac8ce33e5646350	directory-0.0.bin
txid	276	txid-2k	txdirectory	0	06b4677096787d05c0a600ae4db40bd8c97c46b08df20484d6ad1329d3eab9d9	directory-0.0.bin
txid	277	txid-2k	txdirectory	0	b6677fb438467e05a22ad414186cfdb68e11ed62377f34e33da9e221da47cf8f	directory-0.0.bin
txid	278	txid-2k	txdirectory	0	23c3d231a0b73ca9c3028c3e045e24f99d4a7812b4632fb009f3c1c16af855a0	directory-0.0.bin
txid	279	txid-2k	txdirectory	0	bd996dc9dbffaa91639855b7092e48dde45f10bfd335f6d617bcd1bf3913c8c6	directory-0.0.bin
txid	280	txid-2k	txdirectory	0	06c239f2d7c748a5df9d113c6415e545c30f259bb4c5db67897ec9493dfbd45f	directory-0.0.bin
txid	281	txid-2k	txdirectory	0	932bf4a7db976f8876a0694de486be08738f91522bca56ade34a582404cf55dc	directory-0.0.bin
txid	282	txid-2k	txdirectory	0	125905dbc4a888a83e36d38ff938e90a7747e6742b4d07828fc9abac6b4f625a	directory-0.0.bin
txid	283	txid-2k	txdirectory	0	4447c458386638f73fe4322b7a930c7baa0e650df348a673f56e40f17ba96b1d	directory-0.0.bin
txid	284	txid-2k	txdirectory	0	963d60b58cbbbd538235779b50a50cbba3139a43851e2d3159edd353bcb3b6ad	directory-0.0.bin
txid	285	txid-2k	txdirectory	0	99f4b2cf8da3338576521f1acf842a85e58146c68b80fd00a247c73a96053420	directory-0.0.bin
txid	286	txid-2k	txdirectory	0	fa6f0b1d79d3ed468e66e88c83cb07ee05ab5f4758295ede012d10d67b3a6b24	directory-0.0.bin
txid	287	txid-2k	txdirectory	0	6fbd47a53311b66b8428e4bb8f1d3d35872615fff2576050b10345aab27dec20	directory-0.0.bin
txid	288	txid-2k	txdirectory	0	12ee511bfba397835405edb6b6366ae6ba5e1832c503f7984c924d6b55e6bf6c	directory-0.0.bin
txid	289	txid-2k	txdirectory	0	af3d0fbb0ccd9826f9756f561d3b15e2201964d7abd8a03dd913d4d3e7146bc4	directory-0.0.bin
txid	290	txid-2k	txdirectory	0	51146f227c2d1df2d64b829f22d1d9c6addbe0160c64d4865dd862bc70575d34	directory-0.0.bin
txid	291	txid-2k	txdirectory	0	3688b6f8475e359553e5601a6d90f1f1a0c866e88e593432b5d8a068621e7fbb	directory-0.0.bin
txid	292	txid-2k	txdirectory	0	e60b86fcbfff04743e1e68354f6e196d965f56ce299a9021d6d7f341ecb68483	directory-0.0.bin
txid	293	txid-2k	txdirectory	0	dcc2505235e63f5e309c30f3dd0730261f0481822f58be38bf7937cd81b23437	directory-0.0.bin
txid	294	txid-2k	txdirectory	0	8fc7edc3d9dc6e5fce95cb3f19682f3cdd0782df80821e45c328c7bf58042b0d	directory-0.0.bin
txid	295	txid-2k	txdirectory	0	9192946fd9e6b765dcd515a2be633120a85262e90bb42b5b4e64f4ebb72dfac3	directory-0.0.bin
txid	296	txid-2k	txdirectory	0	d6bff268c58ac310f736bcf9dfd6ef72ca1cec4a43cb8be24515042cb1131f20	directory-0.0.bin
txid	297	txid-2k	txdirectory	0	07a77d066c57aad9897030e329a845551e94243933835109ff6a948d2ae1533e	directory-0.0.bin
txid	298	txid-2k	txdirectory	0	cab63622d60d9b3d3af996682596e49fb38a7e77e5c8e6924789872f74f58815	directory-0.0.bin
txid	299	txid-2k	txdirectory	0	5578ccb37b52a3b3962b16f256ccf3eae238524ba92cbe0dadec13c38342a2ce	directory-0.0.bin
txid	300	txid-2k	txdirectory	0	0a3256ed1f4b3176a4a38b70f3caebfa49f4e08f0b6b1b2483bea8c378b5e074	directory-0.0.bin
txid	301	txid-2k	txdirectory	0	1ee61486af6b1fcfa837a602b4a61158d3a4f230cab024b404d5c6c6b61b158d	directory-0.0.bin
txid	302	txid-2k	txdirectory	0	17f3d910aeec2f40fc60792329ae25a7c8d6d6ec7dd8fe0e6de3403000edd35d	directory-0.0.bin
txid	303	txid-2k	txdirectory	0	7a6bf8129978f36318e3d833234736d4a99765b6b3f45305391a2131ef735010	directory-0.0.bin
txid	304	txid-2k	txdirectory	0	68ba8e76baf554b502ea484463065181961ac8c53af1297590f43ba5b75077de	directory-0.0.bin
txid	305	txid-2k	txdirectory	0	8f84b24ef4a510bbc35c0eeb358685bcc37772da35c92054532f1782ac01f8d1	directory-0.0.bin
txid	306	txid-2k	txdirectory	0	232896a8c456db5dd6144fae54475d9be90b63bd37c2765a39535c82758a8cd8	directory-0.0.bin
txid	307	txid-2k	txdirectory	0	5472a246e5af29351e7409ecb14f0b8e6fcb05ac4960aed86f295acb8fc5f572	directory-0.0.bin
txid	308	txid-2k	txdirectory	0	c2f743a32d39cf314f079fe85d6e9b6216f7ff446e3b14e722087bfd5e8264a3	directory-0.0.bin
txid	309	txid-2k	txdirectory	0	6f0e904f24f10439c9947df8eac5650a617045a2defaf46f74f0b6b04ad5b87c	directory-0.0.bin
txid	310	txid-2k	txdirectory	0	f399b9be7f5868f5500f5c49454d764f9ef67dc2ea50f00f2ee729cd5f5b710f	directory-0.0.bin
txid	311	txid-2k	txdirectory	0	351241db4b5bb7f96da1cce8ac8388fc206218af9ef907b57216a2e755e83cbb	directory-0.0.bin
txid	312	txid-2k	txdirectory	0	01dc62ef1b31073d3aaa127532321e43cd2c9c68adac3b590d2eeec8231cbde9	directory-0.0.bin
txid	313	txid-2k	txdirectory	0	248ea98901ef62bae931f756f34c6c09bb434fdb5d493b7f7acdcc39be8539f9	directory-0.0.bin
txid	314	txid-2k	txdirectory	0	96fb2eb05a38997a1ec063a248253eba330e9801043224787ad5c5e0c2559938	directory-0.0.bin
txid	315	txid-2k	txdirectory	0	1a0a6f3e0ca6cd98d491f7254293b3f1ae91c969118cd40bd563742dc9ed4901	directory-0.0.bin
txid	316	txid-2k	txdirectory	0	4be091222a65e9a3aace9d14610b974993aaeffbd1f07b3db9843a8121296189	directory-0.0.bin
txid	317	txid-2k	txdirectory	0	95b7f3f37b45ea01a218ef3a253d787e81871c754e83ac97d54ec00b5ad5a215	directory-0.0.bin
txid	318	txid-2k	txdirectory	0	c6f2f345ec395e60a91e4e04d1739affad4ec1c838dc12215a8ff3f61e2471f5	directory-0.0.bin
txid	319	txid-2k	txdirectory	0	52c01f7b1d37ff97edaf49793c61eddfc7c66ab68fb5ec7c37cd375e619c878e	directory-0.0.bin
txid	320	txid-2k	txdirectory	0	4983b274dc3d1ea7c1705e066b16a8ac6f4151d8c01c594871a447289916975e	directory-0.0.bin
txid	321	txid-2k	txdirectory	0	bc3430acec9f693b14148ada30631cefef36e1e0cacda43c73e19800088ac612	directory-0.0.bin
txid	322	txid-2k	txdirectory	0	128b26cc71411a55e5c66277f14e76fd32fb8a0cac6a84417c8684612d36a58a	directory-0.0.bin
txid	323	txid-2k	txdirectory	0	c5cb08ad929486aa30937409a85ffaff8bfb37c695780bbf657c611b0e2753f9	directory-0.0.bin
txid	324	txid-2k	txdirectory	0	178702f8ad5fbdd6f54e3804af7de0e02916e0dde5ec22f172ca4207aec6a08f	directory-0.0.bin
txid	325	txid-2k	txdirectory	0	11f485f69f4d09dedcc74f362933daef75f2f2984eb0df0f265f07dde89738ff	directory-0.0.bin
txid	326	txid-2k	txdirectory	0	7b7459ffe9f8382485ef52d719e8f983ef7b2aa77644fdf6a99c62c03a8e2f0d	directory-0.0.bin
txid	327	txid-2k	txdirectory	0	4523d57f70c1c77eb698b0552f5ba36a62c418cd3aeca854495c30b297c46385	directory-0.0.bin
txid	328	txid-2k	txdirectory	0	074770693c1e75bd8000a61db0cc0b1c6ca1443b5ae6e836da940ced0227a73f	directory-0.0.bin
txid	329	txid-2k	txdirectory	0	e8345adff34f6254bdc0a06014e053923ab5503e9ee39261ca99d5b0d8826a32	directory-0.0.bin
txid	330	txid-2k	txdirectory	0	d649d7698e18d71f82bd663dd47c6ecf10927c4976b11f3efcb54576ea03ae63	directory-0.0.bin
txid	331	txid-2k	txdirectory	0	2dc32a802b5daa7048dd035e884f6ba68f7c727fbf780806d2507769908dfa64	directory-0.0.bin
txid	332	txid-2k	txdirectory	0	f093ff8389c06b5d4998d9d2f7da40f7b9e491bd87b31aaf6906c471b83f1db2	directory-0.0.bin
txid	333	txid-2k	txdirectory	0	4579dfe475de730d8475dbd3464e4b2626f182f3740d1a8cd91fdc30455d7eab	directory-0.0.bin
txid	334	txid-2k	txdirectory	0	2075bd5b57dc631fbfc53f5ee6a2be2bfda121381a02d8918189b54c7216c3aa	directory-0.0.bin
txid	335	txid-2k	txdirectory	0	237f211297ba4eea05cdc60ca034041107cb8dacbbc23ab51fe71349d3b6a5bd	directory-0.0.bin
txid	336	txid-2k	txdirectory	0	c746c5a1066c8f75dbb9eefc69521f07a461fea74f5748ccdf66d6d71747e11a	directory-0.0.bin
txid	337	txid-2k	txdirectory	0	2c774f4b4e6583f520b56dbb6136967091124aca3c2652e42e028e4784ef11f5	directory-0.0.bin
txid	338	txid-2k	txdirectory	0	e196b3844b5763b0bf58da66be7bfbafaa607801d8db11ad7198c30204338ada	directory-0.0.bin
txid	339	txid-2k	txdirectory	0	aaeeb46b9c5b904cb00419ac7bed8b860175602fffe6f7ec13fcd2b140acb7e4	directory-0.0.bin
txid	340	txid-2k	txdirectory	0	14c6748a411d88c6f088e819141097df1529bc7cbe8265890a5be251b510e188	directory-0.0.bin
txid	341	txid-2k	txdirectory	0	1744c68ac8309e260741f765bb502eb823dfaaa742957955a34f599395743ad9	directory-0.0.bin
txid	342	txid-2k	txdirectory	0	f98beb49c3c5ce3468931b05b2e78882b3b71bc3b5d1ba99db4aebbde435d19e	directory-0.0.bin
txid	343	txid-2k	txdirectory	0	78dcec2e7b03722fd390c0da6928a186cf32fc79c190930eb22b8308b3828bc0	directory-0.0.bin
txid	344	txid-2k	txdirectory	0	2858005a7d685f34d4618f5dd29bc25b990d0b09f1f08da84bac1b94c38d6137	directory-0.0.bin
txid	345	txid-2k	txdirectory	0	adf3d1f9a5bd69e3c67e1e7294561097c0f4f515b69549d84cca2dcf89f94f2c	directory-0.0.bin
txid	346	txid-2k	txdirectory	0	5570510daae6e75696f1506e3dc7c682855ac92a1bc5b89b84b16b466ce4176f	directory-0.0.bin
txid	347	txid-2k	txdirectory	0	76137e679bbd6eed6103c08acbc10231320bec972d8f42c1846b49bb0e06daf4	directory-0.0.bin
txid	348	txid-2k	txdirectory	0	4decaa30f790ccae9da2399b13a77e77771cc3474858c9d075367fb96560ef99	directory-0.0.bin
txid	349	txid-2k	txdirectory	0	44156e87eb5eca42164adb01d3df4d797db98e5d40b5986e275dc7a95b649941	directory-0.0.bin
txid	350	txid-2k	txdirectory	0	d62ef51a1492cebaea837335a328f04022cc8820acb9dfb71390545b36ae9bb1	directory-0.0.bin
txid	351	txid-2k	txdirectory	0	bd085a91a617fa50bd818120cc13c5a396c768d3ec21213f01f09931954ed892	directory-0.0.bin
txid	352	txid-2k	txdirectory	0	2f8e3870dc8aaaacf95146e56c300bd7c0b0105f2ccac09bc17bf388448c0b0e	directory-0.0.bin
txid	353	txid-2k	txdirectory	0	02939f476d2f22806d70880ff0114b42d6b371971b78be4333bf938a7cb0d33d	directory-0.0.bin
txid	354	txid-2k	txdirectory	0	ff7a9d5e6150166e41b36da6becb73fd96bb52efafe8f93eb837af8617375f5d	directory-0.0.bin
txid	355	txid-2k	txdirectory	0	89512b9693c4fa10cb2b4a1347c716bf4f362f454d4781541af04561a28f871e	directory-0.0.bin
txid	356	txid-2k	txdirectory	0	390e168f1f0ae01cfd8b707ccf4ab8264da42cd2b55699097cf6cd9920854cfa	directory-0.0.bin
txid	357	txid-2k	txdirectory	0	c94dbf136818447356cb7261a0cf8eb9ae02bacf28b50492df9b3bd71af4ce01	directory-0.0.bin
txid	358	txid-2k	txdirectory	0	6bef9c62251b58fbec8278cd8081dcf6177690e74a49b8c2387a43808164a054	directory-0.0.bin
txid	359	txid-2k	txdirectory	0	a5d1a5686faf883bd0d5d53558ce19031bda14b64789011b8c9d16483498d3b1	directory-0.0.bin
txid	360	txid-2k	txdirectory	0	e65bf33c4db0bb0406eee6ba5475efc6ee717eb2c45414ec488ab03edf17e8a2	directory-0.0.bin
txid	361	txid-2k	txdirectory	0	1eda815f266a8da3700de097fbb4e0e0510625877aceef89a9fc1e850f5daba8	directory-0.0.bin
txid	362	txid-2k	txdirectory	0	548d7a4e76cfcdb82895c42b7a2160b58def5f30ff636e2d16e0abe6093ce9d4	directory-0.0.bin
txid	363	txid-2k	txdirectory	0	2ac2d90537e2cc487b8e01dd771e5e5667aa5f4e8e55872611b44182c4a5d55c	directory-0.0.bin
txid	364	txid-2k	txdirectory	0	f937b632cfd211086791768300fef585589f3d29f6e23e974d56fce617d66dff	directory-0.0.bin
txid	365	txid-2k	txdirectory	0	0d2986dcbabfbdc830271d8d8d1366a69f0eb3c66f4e163bdef0849280cb2bc3	directory-0.0.bin
txid	366	txid-2k	txdirectory	0	c7cf4676585e166abe30ef70fca53fbb436bf179b2d0faae6017c2683f4713b8	directory-0.0.bin
txid	367	txid-2k	txdirectory	0	e07d843a53d0d82fffe32b757c4d7247ee9d3c8159adf4055601f46c16716ebf	directory-0.0.bin
txid	368	txid-2k	txdirectory	0	099e85ba02d220ff48df45c4c0a9e35646aea8581722fca16904c09d23865276	directory-0.0.bin
txid	369	txid-2k	txdirectory	0	b35195ebc5b7a31b6c73627addb5a9cc148a650d21f742be03f7e90d13adb5c1	directory-0.0.bin
txid	370	txid-2k	txdirectory	0	f77e9679dde37796b081d9d9a57b3d0272ed0e1e649704673761aea9e0c29e7b	directory-0.0.bin
txid	371	txid-2k	txdirectory	0	e1e39678c13da93fd0b74ec3fd189f18326289770c7468ba8933995b547fca44	directory-0.0.bin
txid	372	txid-2k	txdirectory	0	ac7073f9d6517385e5d10751ba86c4aa680b41e64c8c35e06a9ce3bfa84b858b	directory-0.0.bin
txid	373	txid-2k	txdirectory	0	5cad4082226b911f8a82161ccdcabdd83ae098f6ab615b4c63b2f1142ed8606e	directory-0.0.bin
txid	374	txid-2k	txdirectory	0	363904567812cb7d7a4e22d9c0b1bd71946d12710c8caec0d5ef44c4a5ca538b	directory-0.0.bin
txid	375	txid-2k	txdirectory	0	1b339182294a61896279698c2b2f34e61ad1f33297e587909e8a231deedb1fe8	directory-0.0.bin
txid	376	txid-2k	txdirectory	0	b09e273103d30bed596a813d8a833a0a2e2c4f97fbbf7a6b8b5381956da057ec	directory-0.0.bin
txid	377	txid-2k	txdirectory	0	63c5c34347f5481de21322ca2a781585c7936b0a993bddc451352af9b253ef9f	directory-0.0.bin
txid	378	txid-2k	txdirectory	0	ee61186f775bf27ce195e7165670738321e69f3256cf75998eb96f47a64e1bfc	directory-0.0.bin
txid	379	txid-2k	txdirectory	0	62c14a3ea0f31e9c468d4ad3245bad8dd9b3bf375c13dfc057ba568d05e35155	directory-0.0.bin
txid	380	txid-2k	txdirectory	0	0bc8c2a064d50c0449cba2c80d0c435270cebecae09520c9e405dc8860c8c413	directory-0.0.bin
txid	381	txid-2k	txdirectory	0	f2f532d197bdcf2b270955af767cc4c438d8b22eb7530de9c9e654578bc8fd7a	directory-0.0.bin
txid	382	txid-2k	txdirectory	0	2b9b2b92b039bb1ea6541497f36385d6901cac14fbf0c0db0091e78c432dc5a9	directory-0.0.bin
txid	383	txid-2k	txdirectory	0	5e13b3165f48f16a8d1d19eb717dca43e7f9aadefc214b74a3417fab8af7254c	directory-0.0.bin
txid	384	txid-2k	txdirectory	0	ad53524f6cb39497d704c07051b2fd76200dc88a3a79bc5d211839777e1bf678	directory-0.0.bin
txid	385	txid-2k	txdirectory	0	a741c0f7084f2e721df8a240fc7f7a8f13f8c052509d4bf7e3a79d778e1ad875	directory-0.0.bin
txid	386	txid-2k	txdirectory	0	42549899b4db3faa1b4f87d39768d334b0eab173f9b412edf9cdc496959a940c	directory-0.0.bin
txid	387	txid-2k	txdirectory	0	7db68457303a17cdaee263dfc9b32cb059227fa24fb560b74afe49260402c846	directory-0.0.bin
txid	388	txid-2k	txdirectory	0	13707f6f92f407c7e399600afd21ae35112d38f45fe05caee863bccea98283bb	directory-0.0.bin
txid	389	txid-2k	txdirectory	0	6003e5a58c7890f080a6e62e53496cfe375613f0f5c707e51910c0659dcadf71	directory-0.0.bin
txid	390	txid-2k	txdirectory	0	3c40bc081e8cd01ce253453a77ed8ce83bbdb3b60605326efceedbc04f2603d6	directory-0.0.bin
txid	391	txid-2k	txdirectory	0	8d13d75839ebf4b6c55e95fbe40d80d1cb9ea0bfff07bf3759d04192cb08b740	directory-0.0.bin
txid	392	txid-2k	txdirectory	0	d0dbaa1aeb8937bca315cb84969e2de1b0757b647c71497e38155b6e03bc42e9	directory-0.0.bin
txid	393	txid-2k	txdirectory	0	096a2e22898936cfda630170dee45d3846d9a9fb0105050b54d9e389f13cc107	directory-0.0.bin
txid	394	txid-2k	txdirectory	0	166f224d871e72da4faed49415eb2616d8370fc33a14bd33d67344e713937328	directory-0.0.bin
txid	395	txid-2k	txdirectory	0	b2a322b67fe376adc5b3db2694c26f6e5fac4488c2c66d7fa38295318edc5032	directory-0.0.bin
txid	396	txid-2k	txdirectory	0	38c3fb463f20504534d8a3fb4895f0acc0043984ab7a61a8c97cca7ce4638a9f	directory-0.0.bin
txid	397	txid-2k	txdirectory	0	3098587f22378029b0fd94cdf86c2b9dc5189cd47a5da90dfa16c1af2c1cefaf	directory-0.0.bin
txid	398	txid-2k	txdirectory	0	cb602fde8b6afac4d90250f6b1aabf33775af977b29f1e3f507519e8f7a13848	directory-0.0.bin
txid	399	txid-2k	txdirectory	0	032e9c9518a61e3be2c88fa376d01056c26fa412ae289670a71f90bf86e71459	directory-0.0.bin
txid	400	txid-2k	txdirectory	0	10b70a4d4c2352239323b2f6e7e45cac56a5544c486bae841b4b7b3813681040	directory-0.0.bin
txid	401	txid-2k	txdirectory	0	24b5f9eaf7a3a76b5dd6e34bf3e476d9820fb9d7e1b6c24ae2ff4190df8a56b3	directory-0.0.bin
txid	402	txid-2k	txdirectory	0	606ed0dd3446c07b680c9dfe5843252fc33a9b41b889b8d0b9df16036ed0a37f	directory-0.0.bin
txid	403	txid-2k	txdirectory	0	4c5b5f24948183610e514b463304807842404038458afbf20f99a98a675b6e96	directory-0.0.bin
txid	404	txid-2k	txdirectory	0	d390bd3050e20074144e152f745ca139c07c7934e69a5e5c5b487b831158f17f	directory-0.0.bin
txid	405	txid-2k	txdirectory	0	a7618fdc1caae98ceb8a3295bcdae00605a8795c4265fb94ca4a1cbd3f6cb465	directory-0.0.bin
txid	406	txid-2k	txdirectory	0	48a8ad6298a79c67af09c5db45607b52f222705d9e74ae160dc7e2482a02d67f	directory-0.0.bin
txid	407	txid-2k	txdirectory	0	df4f1ffa0e6712410ac9a4f9d0d2fee9602142a8df8d3b58773a0110fe95dc0d	directory-0.0.bin
txid	408	txid-2k	txdirectory	0	d1bcdcd6aebec18254c3603e4e1f98b11fc276fa83e4f8baec8c85958686b457	directory-0.0.bin
txid	409	txid-2k	txdirectory	0	a4033923a69fe2f3df8e263c03b117a213ea222236a0ec8a6812798e2175238b	directory-0.0.bin
txid	410	txid-2k	txdirectory	0	2a2c40bb5319f2d8186bdd5787a7b7ede427d74b9d40837ec999ee7fd87fc241	directory-0.0.bin
txid	411	txid-2k	txdirectory	0	5a9e6112986cb3fecdda6adac9ddf3da776cf583f52bc5d8b79d4ceec660304b	directory-0.0.bin
txid	412	txid-2k	txdirectory	0	90ef3ffcbcee4934ad19496675d554a9a8e0fdcb6d59c608c5e4ac4185ce4dc4	directory-0.0.bin
txid	413	txid-2k	txdirectory	0	14c5b9169368c09b9083d7c07d7f525a90f35f81dfb40e24ae71b4fd2436408a	directory-0.0.bin
txid	414	txid-2k	txdirectory	0	a3a8426927adb87c08cff3e1ed4f90d9d46abf6848afda23f884ce2cdd5a6668	directory-0.0.bin
txid	415	txid-2k	txdirectory	0	5ae8b5da050c067fa611e0727f07ad0ecd9c686551fcd9725841cfd3029a6df8	directory-0.0.bin
txid	416	txid-2k	txdirectory	0	a496c4532c81c996378e4a6171682027d8e4762d62a8f48f94decdbca1e41be0	directory-0.0.bin
txid	417	txid-2k	txdirectory	0	618042c70d5ccb114f98fd8e3281c98b934d824f458eeedf91cc725a277aded1	directory-0.0.bin
txid	418	txid-2k	txdirectory	0	82d28a35bc036a15613b8a20cf73403dcaa6c1bcc55455be74ed927202da17be	directory-0.0.bin
txid	419	txid-2k	txdirectory	0	9598fedf8cfc6c13ef824345681e19bc5412478ba860c04ba679792e0ecfe55f	directory-0.0.bin
txid	420	txid-2k	txdirectory	0	0e93c17fcafd5d8f8dd248668cd0b4705150969b46421671564baf37823890c5	directory-0.0.bin
txid	421	txid-2k	txdirectory	0	ec586c6af663cb55cdbb723ed77f3bb442251ff12064d2ef48ca44dfe1267dd2	directory-0.0.bin
txid	422	txid-2k	txdirectory	0	3bd856e517b5c22bc06a15d8f5d933d097beeb16fc3e0df5125cbad1c7fa67de	directory-0.0.bin
txid	423	txid-2k	txdirectory	0	ccc76efc60164308f577c15189a45a998c967be6a639c815d4d89f5a64f2d7ad	directory-0.0.bin
txid	424	txid-2k	txdirectory	0	f555cb897c4c71a3d81dece4ab61a8f2f995ebd8bf4e2c71f9608a937c7d4143	directory-0.0.bin
