variant	rep	concurrency	class	n	exact	failed	mismatched	total	query_directory_bytes	manifest_bytes	directory_queries	page_queries	p50	p95
all	1	8	catch-up-1d	105	105	0	0	687453	363927	11813	2.733	0.971	0.203	0.342
all	2	8	catch-up-1d	105	105	0	0	687453	363927	11813	2.733	0.971	0.194	0.343
off	1	8	catch-up-1d	106	106	0	0	1042695	728524	2337	5.472	0.972	0.315	0.526
off	2	8	catch-up-1d	105	105	0	0	1041901	727854	2335	5.467	0.971	0.331	0.526
all	1	32	catch-up-1d	123	123	0	0	700112	364793	11846	2.740	1.057	0.399	0.814
all	2	32	catch-up-1d	124	124	0	0	699180	365072	11856	2.742	1.048	0.415	0.955
off	1	32	catch-up-1d	124	124	0	0	1054725	730145	2329	5.484	1.048	0.681	1.062
off	2	32	catch-up-1d	125	125	0	0	1056516	730694	2331	5.488	1.056	0.683	1.246
all	1	128	catch-up-1d	199	199	0	0	691262	364641	11787	2.739	0.995	1.459	2.895
all	1	128	catch-up-1d	17951	153	17798	0	6404	3137	103	0.024	0.009	0.001	0.070
all	2	128	catch-up-1d	2498	375	2123	0	148287	80048	2895	0.604	0.164	2.007	4.911
all	2	128	catch-up-1d	38816	182	38634	0	3523	1674	55	0.013	0.005	0.001	0.036
off	1	128	catch-up-1d	5920	354	5566	0	139673	98004	343	0.741	0.076	2.008	5.391
off	2	128	catch-up-1d	199	199	0	0	1046438	729281	2322	5.477	0.995	2.603	4.407
off	2	128	catch-up-1d	66790	152	66638	0	2537	1623	5	0.012	0.002	0.001	0.040
all	1	8	catch-up-30d	106	106	0	0	812111	307738	17224	2.311	0.783	0.147	0.403
all	2	8	catch-up-30d	106	106	0	0	812111	307738	17224	2.311	0.783	0.141	0.417
off	1	8	catch-up-30d	106	106	0	0	1104931	615477	2306	4.623	0.783	0.237	0.607
off	2	8	catch-up-30d	105	105	0	0	1097133	611194	2291	4.590	0.762	0.244	0.633
all	1	32	catch-up-30d	122	122	0	0	826421	309942	17166	2.328	0.869	0.279	0.783
all	2	32	catch-up-30d	123	123	0	0	833561	312834	17284	2.350	0.894	0.310	0.966
off	1	32	catch-up-30d	123	123	0	0	1131454	625669	2343	4.699	0.894	0.498	1.293
off	2	32	catch-up-30d	124	124	0	0	1129690	624918	2345	4.694	0.887	0.486	1.552
all	1	128	catch-up-30d	200	200	0	0	825493	311557	17259	2.340	0.850	1.017	3.261
all	1	128	catch-up-30d	17951	136	17815	0	6812	2381	132	0.018	0.004	0.001	0.069
all	2	128	catch-up-30d	2498	363	2135	0	178599	71319	3916	0.538	0.124	2.007	4.971
all	2	128	catch-up-30d	38816	151	38665	0	3613	1224	67	0.009	0.003	0.001	0.036
off	1	128	catch-up-30d	5920	401	5519	0	155519	88916	350	0.672	0.047	2.007	5.007
off	2	128	catch-up-30d	199	199	0	0	1123282	623569	2340	4.683	0.854	1.828	5.267
off	2	128	catch-up-30d	66790	156	66634	0	2868	1487	5	0.011	0.002	0.001	0.039
all	1	8	catch-up-7d	105	105	0	0	534807	285309	11161	2.143	0.552	0.135	0.266
all	2	8	catch-up-7d	105	105	0	0	534807	285309	11161	2.143	0.552	0.135	0.248
off	1	8	catch-up-7d	105	105	0	0	810522	570617	1567	4.286	0.552	0.228	0.392
off	2	8	catch-up-7d	105	105	0	0	810522	570617	1567	4.286	0.552	0.234	0.378
all	1	32	catch-up-7d	122	122	0	0	540043	285932	11147	2.148	0.582	0.267	0.552
all	2	32	catch-up-7d	124	124	0	0	538436	285615	11158	2.145	0.573	0.267	0.650
off	1	32	catch-up-7d	124	124	0	0	814459	571231	1566	4.290	0.573	0.473	0.835
off	2	32	catch-up-7d	125	125	0	0	813435	570921	1563	4.288	0.568	0.484	1.078
all	1	128	catch-up-7d	200	200	0	0	537300	287591	11176	2.160	0.550	0.991	1.783
all	1	128	catch-up-7d	17951	143	17808	0	4733	2307	89	0.017	0.004	0.001	0.070
all	2	128	catch-up-7d	2497	389	2108	0	127451	72570	2855	0.548	0.088	2.007	4.731
all	2	128	catch-up-7d	38816	151	38665	0	2308	1111	43	0.008	0.002	0.001	0.036
off	1	128	catch-up-7d	5920	419	5501	0	128368	92275	275	0.698	0.048	2.007	4.879
off	2	128	catch-up-7d	200	200	0	0	815291	575182	1575	4.320	0.550	1.772	3.115
off	2	128	catch-up-7d	66790	139	66651	0	1810	1180	3	0.009	0.001	0.001	0.040
all	1	8	multi-script	106	106	0	0	13104420	7059144	116611	53.019	31.623	3.525	5.915
all	2	8	multi-script	106	106	0	0	13104420	7059144	116611	53.019	31.623	3.321	5.295
off	1	8	multi-script	106	106	0	0	20063972	14118288	17020	106.038	31.623	5.779	8.647
off	2	8	multi-script	106	106	0	0	20063972	14118288	17020	106.038	31.623	5.851	8.727
all	1	32	multi-script	122	122	0	0	12882300	7089372	116441	53.246	29.721	6.595	11.303
all	2	32	multi-script	123	123	0	0	12883004	7098848	116465	53.317	29.650	7.191	12.071
off	1	32	multi-script	123	123	0	0	19882389	14197697	17000	106.634	29.650	11.871	18.319
off	2	32	multi-script	124	124	0	0	19868610	14199163	17008	106.645	29.532	12.199	21.807
all	1	128	multi-script	200	200	0	0	13320027	7107150	116457	53.380	32.875	24.943	39.935
all	1	128	multi-script	17951	186	17765	0	115513	72813	1209	0.547	0.176	0.001	0.070
all	2	128	multi-script	2498	214	2284	0	1313412	785151	13456	5.904	2.388	2.008	24.559
all	2	128	multi-script	38816	181	38635	0	58745	33565	544	0.252	0.123	0.001	0.037
off	1	128	multi-script	5920	7	5913	0	223837	177672	342	1.343	0.110	2.008	7.579
off	2	128	multi-script	199	199	0	0	20330895	14198904	17011	106.643	33.010	42.079	68.863
off	2	128	multi-script	66790	190	66600	0	52608	40806	48	0.306	0.050	0.001	0.040
all	1	8	restore-6m	105	105	0	0	2393427	786184	44772	5.905	1.152	0.433	0.834
all	2	8	restore-6m	105	105	0	0	2393427	786184	44772	5.905	1.152	0.396	0.780
off	1	8	restore-6m	105	105	0	0	3141097	1572367	6258	11.810	1.152	0.653	1.264
off	2	8	restore-6m	105	105	0	0	3141097	1572367	6258	11.810	1.152	0.653	1.296
all	1	32	restore-6m	122	122	0	0	2402992	789042	44944	5.926	1.189	0.830	1.714
all	2	32	restore-6m	124	124	0	0	2406214	792422	45048	5.952	1.185	0.834	1.824
off	1	32	restore-6m	124	124	0	0	3159912	1584843	6324	11.903	1.185	1.363	2.763
off	2	32	restore-6m	125	125	0	0	3158590	1584946	6325	11.904	1.176	1.388	3.103
all	1	128	restore-6m	200	200	0	0	2412602	794204	45387	5.965	1.210	2.995	6.395
all	1	128	restore-6m	17951	141	17810	0	19624	6245	361	0.047	0.009	0.001	0.070
all	2	128	restore-6m	2498	304	2194	0	394389	128652	7376	0.968	0.173	2.008	5.391
all	2	128	restore-6m	38816	154	38662	0	10112	3179	181	0.024	0.005	0.001	0.037
off	1	128	restore-6m	5920	132	5788	0	254826	125165	537	0.945	0.064	2.008	6.871
off	2	128	restore-6m	200	200	0	0	3167785	1588408	6366	11.930	1.210	5.191	10.567
off	2	128	restore-6m	66790	170	66620	0	8286	3935	16	0.030	0.003	0.001	0.040

class	concurrency	off_total	all_total	change	off_dirq	all_dirq	off_manifest	all_manifest
catch-up-1d	8	1042300	687453	-34.0%	5.469	2.733	2336	11813
catch-up-1d	32	1055624	699644	-33.7%	5.486	2.741	2330	11851
catch-up-1d	128	16522	12776	-22.7%	0.086	0.050	39	228
catch-up-30d	8	1101051	812111	-26.2%	4.607	2.311	2299	17224
catch-up-30d	32	1130569	830006	-26.6%	4.696	2.339	2344	17225
catch-up-30d	128	18321	14693	-19.8%	0.078	0.042	40	306
catch-up-7d	8	810522	534807	-34.0%	4.286	2.143	1567	11161
catch-up-7d	32	813945	539233	-33.8%	4.289	2.146	1565	11153
catch-up-7d	128	14318	10095	-29.5%	0.077	0.041	30	213
multi-script	8	20063972	13104420	-34.7%	106.038	53.019	17020	116611
multi-script	32	19875471	12882654	-35.2%	106.640	53.282	17004	116453
multi-script	128	121860	173190	+42.1%	0.681	0.757	118	1677
restore-6m	8	3141097	2393427	-23.8%	11.810	5.905	6258	44772
restore-6m	32	3159248	2404616	-23.9%	11.904	5.939	6324	44996
restore-6m	128	36971	37207	+0.6%	0.137	0.090	75	690
